year,area_name_en,room_id,median_annual_rent,min_annual_rent,max_annual_rent,median_transaction_amount,rental_yield_percentage,rooms_en
2026.0,Al Barsha First,1.0,64000.0,35000,125000,1100000.0,6.0,1 BHK
2026.0,Al Barsha First,2.0,85000.0,40000,130000,1440000.0,6.0,2 BHK
2026.0,Al Barsha South Fifth,0.0,45000.0,35000,70500,777500.0,6.0,Studio
2026.0,Al Barsha South Fifth,1.0,75000.0,51975,135000,1178233.0,6.0,1 BHK
2026.0,Al Barsha South Fifth,2.0,97500.0,68250,230000,1650000.0,6.0,2 BHK
2026.0,Al Barsha South Fifth,3.0,110000.0,110000,110000,2557000.0,4.0,3 BHK
2026.0,Al Barsha South Fourth,0.0,50000.0,33500,100000,670000.0,7.0,Studio
2026.0,Al Barsha South Fourth,1.0,70761.0,40000,135000,1014000.0,7.0,1 BHK
2026.0,Al Barsha South Fourth,2.0,91500.0,62000,15120000,1565880.0,6.0,2 BHK
2026.0,Al Barsha South Fourth,3.0,138864.0,94875,205000,1690143.0,8.0,3 BHK
2026.0,Al Barshaa South Second,0.0,53500.0,42000,60000,895067.0,6.0,Studio
2026.0,Al Barshaa South Second,1.0,72000.0,52000,115000,1630998.5,4.0,1 BHK
2026.0,Al Barshaa South Second,2.0,105000.0,54783,175000,2475000.0,4.0,2 BHK
2026.0,Al Barshaa South Second,3.0,300000.0,300000,300000,3631232.0,8.0,3 BHK
2026.0,Al Barshaa South Third,0.0,50000.0,25000,660000,743074.0,7.0,Studio
2026.0,Al Barshaa South Third,1.0,70000.0,35000,108830,1193300.0,6.0,1 BHK
2026.0,Al Barshaa South Third,2.0,93000.0,59513,150000,1463605.0,6.0,2 BHK
2026.0,Al Barshaa South Third,3.0,185000.0,155000,190000,2407362.0,8.0,3 BHK
2026.0,Al Goze Fourth,0.0,39000.0,25500,66000,468000.0,8.0,Studio
2026.0,Al Goze Fourth,1.0,52025.5,28500,95000,945000.0,6.0,1 BHK
2026.0,Al Goze Fourth,2.0,56657.5,36000,105000,1250000.0,5.0,2 BHK
2026.0,Al Hebiah Fifth,0.0,45600.0,36390,72000,465000.0,10.0,Studio
2026.0,Al Hebiah Fifth,1.0,57000.0,39500,70000,1167180.0,5.0,1 BHK
2026.0,Al Hebiah Fifth,2.0,82000.0,74382,105000,1250000.0,7.0,2 BHK
2026.0,Al Hebiah Fifth,3.0,114713.0,88935,162000,1480000.0,8.0,3 BHK
2026.0,Al Hebiah First,0.0,56000.0,42363,64000,820879.5,7.0,Studio
2026.0,Al Hebiah First,1.0,77500.0,62000,86000,1170827.0,7.0,1 BHK
2026.0,Al Hebiah First,2.0,115000.0,85000,130000,1740000.0,7.0,2 BHK
2026.0,Al Hebiah First,3.0,180000.0,156000,280000,1880000.0,10.0,3 BHK
2026.0,Al Hebiah First,4.0,240000.0,240000,240000,5666969.0,4.0,4 BHK
2026.0,Al Hebiah Fourth,0.0,43000.0,22500,66000,722095.0,6.0,Studio
2026.0,Al Hebiah Fourth,1.0,60000.0,41055,78000,1069835.0,6.0,1 BHK
2026.0,Al Hebiah Fourth,2.0,85000.0,64000,145000,1544760.0,6.0,2 BHK
2026.0,Al Hebiah Fourth,3.0,195000.0,60000,320000,2071888.0,9.0,3 BHK
2026.0,Al Hebiah Second,0.0,47500.0,45000,120542,570000.0,8.0,Studio
2026.0,Al Hebiah Second,1.0,70000.0,58000,85000,1032174.0,7.0,1 BHK
2026.0,Al Hebiah Second,2.0,90000.0,69300,98000,1103186.0,8.0,2 BHK
2026.0,Al Hebiah Sixth,3.0,180000.0,140000,300000,2200000.0,8.0,3 BHK
2026.0,Al Hebiah Third,0.0,48000.0,37500,77791,572500.0,8.0,Studio
2026.0,Al Hebiah Third,1.0,70000.0,42000,83000,1085500.0,6.0,1 BHK
2026.0,Al Hebiah Third,2.0,125000.0,110000,134000,2000000.0,6.0,2 BHK
2026.0,Al Hebiah Third,3.0,202500.0,158000,309000,2596573.0,8.0,3 BHK
2026.0,Al Jadaf,0.0,55000.0,37000,85000,862999.0,6.0,Studio
2026.0,Al Jadaf,1.0,68000.0,51000,200000,1410999.5,5.0,1 BHK
2026.0,Al Jadaf,2.0,90000.0,69457,300000,1940031.0,5.0,2 BHK
2026.0,Al Jadaf,3.0,136000.0,103950,275000,3366666.0,4.0,3 BHK
2026.0,Al Khairan First,1.0,105000.0,60000,160000,1941888.0,5.0,1 BHK
2026.0,Al Khairan First,2.0,162500.0,111573,210000,3164888.0,5.0,2 BHK
2026.0,Al Khairan First,3.0,235000.0,110000,550000,4161888.0,6.0,3 BHK
2026.0,Al Khairan First,4.0,305498.0,305498,305498,6231888.0,5.0,4 BHK
2026.0,Al Kheeran,3.0,249000.0,179432,280350,1455000.0,17.0,3 BHK
2026.0,Al Kifaf,1.0,111500.0,105000,126000,1640000.0,7.0,1 BHK
2026.0,Al Kifaf,2.0,121000.0,121000,155000,2160000.0,6.0,2 BHK
2026.0,Al Merkadh,0.0,58000.0,40000,78000,700000.0,8.0,Studio
2026.0,Al Merkadh,1.0,90000.0,68250,140000,1232000.0,7.0,1 BHK
2026.0,Al Merkadh,2.0,148500.0,100000,185000,2092213.5,7.0,2 BHK
2026.0,Al Merkadh,3.0,178000.0,76000,255000,3723600.0,5.0,3 BHK
2026.0,Al Qusais Industrial Fourth,0.0,28000.0,28000,28000,360255.5,8.0,Studio
2026.0,Al Safouh First,0.0,50000.0,48000,60000,775000.0,6.0,Studio
2026.0,Al Safouh First,2.0,106870.0,88740,125000,2241000.0,5.0,2 BHK
2026.0,Al Safouh First,3.0,180407.0,139862,250000,3800000.0,5.0,3 BHK
2026.0,Al Safouh Second,1.0,159000.0,150000,168000,3074097.5,5.0,1 BHK
2026.0,Al Safouh Second,2.0,140000.0,136500,170000,5303329.0,3.0,2 BHK
2026.0,Al Safouh Second,3.0,179300.0,146859,250000,6453000.0,3.0,3 BHK
2026.0,Al Safouh Second,4.0,255000.0,182160,315000,8813515.5,3.0,4 BHK
2026.0,Al Satwa,0.0,42000.0,24000,58000,1100000.0,4.0,Studio
2026.0,Al Satwa,1.0,65500.0,32000,130000,1607777.0,4.0,1 BHK
2026.0,Al Satwa,2.0,85000.0,44000,200000,2271775.0,4.0,2 BHK
2026.0,Al Satwa,3.0,164000.0,100000,190440,3092511.0,5.0,3 BHK
2026.0,Al Thanyah Fifth,0.0,65000.0,45000,720000,700000.0,9.0,Studio
2026.0,Al Thanyah Fifth,1.0,80000.0,40000,152000,1402914.0,6.0,1 BHK
2026.0,Al Thanyah Fifth,2.0,116500.0,77000,190000,2711615.0,4.0,2 BHK
2026.0,Al Thanyah Fifth,3.0,220500.0,95000,395000,2250000.0,10.0,3 BHK
2026.0,Al Thanyah Fifth,4.0,363000.0,280000,2500000,14893828.0,2.0,4 BHK
2026.0,Al Thanyah First,2.0,82844.0,63670,1060000,1100000.0,8.0,2 BHK
2026.0,Al Thanyah Third,0.0,72000.0,50936,80000,672000.0,11.0,Studio
2026.0,Al Thanyah Third,1.0,90000.0,66000,120000,1400000.0,6.0,1 BHK
2026.0,Al Thanyah Third,2.0,150625.0,110000,210000,2405000.0,6.0,2 BHK
2026.0,Al Thanyah Third,3.0,235000.0,200000,420000,4125000.0,6.0,3 BHK
2026.0,Al Warsan First,0.0,28500.0,9023,51000,350000.0,8.0,Studio
2026.0,Al Warsan First,1.0,40000.0,10000,80000,462500.0,9.0,1 BHK
2026.0,Al Warsan First,2.0,54000.0,12000,85000,1280000.0,4.0,2 BHK
2026.0,Al Warsan First,3.0,106000.0,60000,135000,1500000.0,7.0,3 BHK
2026.0,Al Wasl,1.0,110000.0,55000,200000,2245000.0,5.0,1 BHK
2026.0,Al Wasl,2.0,204362.5,71500,300000,4020500.0,5.0,2 BHK
2026.0,Al Wasl,3.0,137800.0,70000,400000,7000000.0,2.0,3 BHK
2026.0,Al Wasl,4.0,274999.0,120000,325000,31000000.0,1.0,4 BHK
2026.0,Al Yelayiss 2,0.0,46500.0,29400,60000,535000.0,9.0,Studio
2026.0,Al Yelayiss 2,1.0,65000.0,38000,79000,1015888.0,6.0,1 BHK
2026.0,Al Yelayiss 2,2.0,87500.0,60000,135000,1411944.0,6.0,2 BHK
2026.0,Al Yelayiss 2,3.0,145000.0,90000,180000,1780355.0,8.0,3 BHK
2026.0,Burj Khalifa,0.0,90000.0,68000,130000,1188000.0,8.0,Studio
2026.0,Burj Khalifa,1.0,115750.0,50000,250000,1856000.0,6.0,1 BHK
2026.0,Burj Khalifa,2.0,180000.0,70000,360000,3015000.0,6.0,2 BHK
2026.0,Burj Khalifa,3.0,300000.0,171990,367500,4400000.0,7.0,3 BHK
2026.0,Burj Khalifa,4.0,537500.0,225000,850000,24296988.5,2.0,4 BHK
2026.0,Business Bay,0.0,65000.0,40000,218000,1122000.0,6.0,Studio
2026.0,Business Bay,1.0,85000.0,61000,147500,2302999.0,4.0,1 BHK
2026.0,Business Bay,2.0,130000.0,79000,252000,3444268.0,4.0,2 BHK
2026.0,Business Bay,3.0,170100.0,116000,270000,6258132.0,3.0,3 BHK
2026.0,Business Bay,4.0,235000.0,190000,280000,13562772.0,2.0,4 BHK
2026.0,Dubai Investment Park First,0.0,30429.0,26504,41000,441200.0,7.0,Studio
2026.0,Dubai Investment Park First,1.0,1345500.0,40700,1716000,444710.0,303.0,1 BHK
2026.0,Dubai Investment Park First,2.0,71400.0,45000,150000,1800000.0,4.0,2 BHK
2026.0,Dubai Investment Park First,3.0,104817.0,63250,290000,3275000.0,3.0,3 BHK
2026.0,Dubai Investment Park Second,0.0,40000.0,28981,43000,800000.0,5.0,Studio
2026.0,Dubai Investment Park Second,1.0,58500.0,38500,63000,1161800.0,5.0,1 BHK
2026.0,Dubai Investment Park Second,2.0,83375.0,75000,98000,2059000.0,4.0,2 BHK
2026.0,Hadaeq Sheikh Mohammed Bin Rashid,0.0,57500.0,54000,96000,838650.0,7.0,Studio
2026.0,Hadaeq Sheikh Mohammed Bin Rashid,1.0,99866.0,75000,155000,1640000.0,6.0,1 BHK
2026.0,Hadaeq Sheikh Mohammed Bin Rashid,2.0,165000.0,105000,280000,2647869.0,6.0,2 BHK
2026.0,Hadaeq Sheikh Mohammed Bin Rashid,3.0,270000.0,45000,480000,4000000.0,7.0,3 BHK
2026.0,Hessyan First,0.0,36012.5,32025,40000,400000.0,9.0,Studio
2026.0,Island 2,1.0,790000.0,790000,790000,8000000.0,10.0,1 BHK
2026.0,Island 2,2.0,1073691.5,997383,1150000,16475500.0,7.0,2 BHK
2026.0,Island 2,4.0,1500000.0,1500000,1500000,80000000.0,2.0,4 BHK
2026.0,Jabal Ali First,0.0,50000.0,16500,2620002,600827.0,8.0,Studio
2026.0,Jabal Ali First,1.0,64257.5,33021,2146740,1094075.0,6.0,1 BHK
2026.0,Jabal Ali First,2.0,81900.0,56750,600000,1660000.0,5.0,2 BHK
2026.0,Jabal Ali First,3.0,89398.0,76183,250000,2225000.0,4.0,3 BHK
2026.0,Jabal Ali First,4.0,190937.0,157724,400000,4350000.0,4.0,4 BHK
2026.0,Jabal Ali Industrial Second,0.0,45000.0,40000,60000,530000.0,8.0,Studio
2026.0,Jabal Ali Industrial Second,1.0,64500.0,50000,70000,739000.0,9.0,1 BHK
2026.0,Jabal Ali Industrial Second,2.0,78000.0,76000,80000,1507004.5,5.0,2 BHK
2026.0,Jumeirah First,1.0,108499.5,70000,152500,2315000.0,5.0,1 BHK
2026.0,Jumeirah First,2.0,192499.5,109999,300000,4405000.0,4.0,2 BHK
2026.0,Jumeirah First,3.0,186899.0,100000,600000,23989500.0,1.0,3 BHK
2026.0,Jumeirah First,4.0,227805.0,120000,1150000,32453500.0,1.0,4 BHK
2026.0,Jumeirah Second,3.0,188246.0,166980,310000,32615921.0,1.0,3 BHK
2026.0,Jumeirah Second,4.0,253465.0,199238,900000,13733251.0,2.0,4 BHK
2026.0,Madinat Al Mataar,0.0,43500.0,20000,58000,587106.0,7.0,Studio
2026.0,Madinat Al Mataar,1.0,60000.0,25000,75000,1174454.0,5.0,1 BHK
2026.0,Madinat Al Mataar,2.0,95000.0,53000,130000,1697858.0,6.0,2 BHK
2026.0,Madinat Al Mataar,3.0,115000.0,30000,170000,2142828.0,5.0,3 BHK
2026.0,Madinat Al Mataar,4.0,183500.0,137500,240000,8878000.0,2.0,4 BHK
2026.0,Madinat Dubai Almelaheyah,1.0,60060.0,44000,109705,2463120.0,2.0,1 BHK
2026.0,Madinat Dubai Almelaheyah,2.0,78100.0,65000,150000,3954280.0,2.0,2 BHK
2026.0,Madinat Dubai Almelaheyah,3.0,107125.0,103425,142999,4572888.0,2.0,3 BHK
2026.0,Madinat Hind 4,0.0,41000.0,36000,47000,445000.0,9.0,Studio
2026.0,Madinat Hind 4,1.0,47000.0,40000,65000,705000.0,7.0,1 BHK
2026.0,Madinat Hind 4,2.0,90000.0,85000,100000,1321000.0,7.0,2 BHK
2026.0,Marsa Dubai,0.0,70000.0,45000,90000,925000.0,8.0,Studio
2026.0,Marsa Dubai,1.0,98510.0,29681,320000,1562500.0,6.0,1 BHK
2026.0,Marsa Dubai,2.0,135000.0,10000,525000,2312000.0,6.0,2 BHK
2026.0,Marsa Dubai,3.0,202500.0,48000,540000,5737500.0,4.0,3 BHK
2026.0,Marsa Dubai,4.0,285000.0,190000,950000,8125000.0,4.0,4 BHK
2026.0,Me'Aisem First,0.0,38000.0,16000,77000,650418.0,6.0,Studio
2026.0,Me'Aisem First,1.0,55000.0,38583,95000,1049566.0,5.0,1 BHK
2026.0,Me'Aisem First,2.0,80000.0,40000,158000,1435866.0,6.0,2 BHK
2026.0,Me'Aisem First,3.0,163200.0,100000,360000,1862600.0,9.0,3 BHK
2026.0,Mirdif,0.0,40633.0,36960,60000,671049.0,6.0,Studio
2026.0,Mirdif,1.0,53550.0,37000,97000,640000.0,8.0,1 BHK
2026.0,Mirdif,2.0,69228.0,47000,110000,1540000.0,4.0,2 BHK
2026.0,Mirdif,3.0,105000.0,35000,350000,2784001.0,4.0,3 BHK
2026.0,Mirdif,4.0,130000.0,80000,195000,2130000.0,6.0,4 BHK
2026.0,Muhaisanah First,1.0,80000.0,80000,80000,1150000.0,7.0,1 BHK
2026.0,Muhaisanah First,2.0,132500.0,120000,140000,1970006.0,7.0,2 BHK
2026.0,Muhaisanah First,3.0,190000.0,190000,190000,1780457.5,11.0,3 BHK
2026.0,Nad Al Hamar,1.0,56000.0,41800,75500,883000.0,6.0,1 BHK
2026.0,Nad Al Hamar,2.0,74000.0,58400,340000,1322500.0,6.0,2 BHK
2026.0,Nad Al Shiba First,1.0,83000.0,63250,100000,1565539.5,5.0,1 BHK
2026.0,Nad Al Shiba First,2.0,122850.0,30000,195000,2550000.0,5.0,2 BHK
2026.0,Nadd Hessa,0.0,40000.0,23500,63700,550000.0,7.0,Studio
2026.0,Nadd Hessa,1.0,56000.0,12568,90000,726150.0,8.0,1 BHK
2026.0,Nadd Hessa,2.0,73000.0,45000,919800,1445000.0,5.0,2 BHK
2026.0,Nadd Hessa,3.0,125000.0,92500,240000,2069100.0,6.0,3 BHK
2026.0,Palm Jumeirah,0.0,107500.0,80000,150000,1357500.0,8.0,Studio
2026.0,Palm Jumeirah,1.0,155000.0,25942,284154,3700000.0,4.0,1 BHK
2026.0,Palm Jumeirah,2.0,225000.0,152748,1365000,4042500.0,6.0,2 BHK
2026.0,Palm Jumeirah,3.0,330000.0,200000,700000,9840110.0,3.0,3 BHK
2026.0,Palm Jumeirah,4.0,1050000.0,800000,1300000,42000000.0,2.0,4 BHK
2026.0,Ras Al Khor Industrial First,1.0,54225.0,49450,65000,1688719.0,3.0,1 BHK
2026.0,Saih Shuaib 2,0.0,51000.0,51000,51000,583350.0,9.0,Studio
2026.0,Saih Shuaib 2,1.0,50000.0,45000,90000,898400.0,6.0,1 BHK
2026.0,Saih Shuaib 2,2.0,68000.0,62769,69000,1261853.5,5.0,2 BHK
2026.0,Trade Center First,1.0,87000.0,58000,115021,3288664.5,3.0,1 BHK
2026.0,Trade Center First,2.0,98400.0,72000,160000,5702000.0,2.0,2 BHK
2026.0,Trade Center First,3.0,121275.0,81999,225000,6318333.0,2.0,3 BHK
2026.0,Trade Center Second,1.0,75000.0,52800,140000,4271000.0,2.0,1 BHK
2026.0,Trade Center Second,2.0,95000.0,75000,275000,6064000.0,2.0,2 BHK
2026.0,Trade Center Second,3.0,140000.0,90000,275000,10786500.0,1.0,3 BHK
2026.0,Trade Center Second,4.0,207000.0,207000,207000,4675000.0,4.0,4 BHK
2026.0,Um Suqaim Third,1.0,130275.0,115000,168000,2389500.0,5.0,1 BHK
2026.0,Um Suqaim Third,2.0,267500.0,210000,325000,3708000.0,7.0,2 BHK
2026.0,Um Suqaim Third,3.0,181000.0,120000,270000,6489500.0,3.0,3 BHK
2026.0,Um Suqaim Third,4.0,262200.0,180000,550000,19954000.0,1.0,4 BHK
2026.0,Wadi Al Safa 2,0.0,41000.0,28600,50000,742277.0,6.0,Studio
2026.0,Wadi Al Safa 2,1.0,51500.0,37950,78000,881200.0,6.0,1 BHK
2026.0,Wadi Al Safa 2,2.0,69939.0,55700,145000,1366042.0,5.0,2 BHK
2026.0,Wadi Al Safa 2,3.0,1200.0,1200,1200,2714828.0,0.0,3 BHK
2026.0,Wadi Al Safa 3,0.0,38000.0,30360,90000,697499.0,5.0,Studio
2026.0,Wadi Al Safa 3,1.0,65000.0,41000,265000,1099999.0,6.0,1 BHK
2026.0,Wadi Al Safa 3,2.0,85000.0,52500,380000,1525999.0,6.0,2 BHK
2026.0,Wadi Al Safa 3,3.0,155000.0,79000,170000,2056212.0,8.0,3 BHK
2026.0,Wadi Al Safa 3,4.0,210000.0,180000,1400000,2766600.0,8.0,4 BHK
2026.0,Wadi Al Safa 5,0.0,42000.0,27972,75000,714000.0,6.0,Studio
2026.0,Wadi Al Safa 5,1.0,52000.0,37566,116100,1030111.0,5.0,1 BHK
2026.0,Wadi Al Safa 5,2.0,70000.0,30000,130000,1510572.0,5.0,2 BHK
2026.0,Wadi Al Safa 5,3.0,160000.0,45000,320000,2010983.0,8.0,3 BHK
2026.0,Wadi Al Safa 5,4.0,202500.0,110000,400000,2366285.0,9.0,4 BHK
2026.0,Wadi Al Safa 7,0.0,44000.0,36000,61319,495000.0,9.0,Studio
2026.0,Wadi Al Safa 7,1.0,60000.0,30000,80000,593600.0,10.0,1 BHK
2026.0,Wadi Al Safa 7,2.0,125000.0,82467,180000,1520000.0,8.0,2 BHK
2026.0,Warsan Fourth,0.0,40000.0,20475,49000,460798.0,9.0,Studio
2026.0,Warsan Fourth,1.0,55000.0,36000,88360,670000.0,8.0,1 BHK
2026.0,Warsan Fourth,2.0,64000.0,52000,120000,1070878.5,6.0,2 BHK
2026.0,Zaabeel First,2.0,820000.0,820000,820000,8100000.0,10.0,2 BHK
2026.0,Zaabeel Second,1.0,127404.0,115000,145000,2120000.0,6.0,1 BHK
2026.0,Zaabeel Second,2.0,180000.0,157500,200000,3400000.0,5.0,2 BHK
2026.0,Zaabeel Second,3.0,285000.0,270000,348712,3300000.0,9.0,3 BHK
2025.0,Al Barsha First,0.0,43000.0,24000,4786300,700000.0,6.0,Studio
2025.0,Al Barsha First,1.0,62000.0,1,4786300,1000000.0,6.0,1 BHK
2025.0,Al Barsha First,2.0,85000.0,1,5159000,2566610.0,3.0,2 BHK
2025.0,Al Barsha First,3.0,120250.0,73000,4786300,3256540.0,4.0,3 BHK
2025.0,Al Barsha South Fifth,0.0,47000.0,20500,181000,719684.0,7.0,Studio
2025.0,Al Barsha South Fifth,1.0,70000.0,12000,200000,1141519.0,6.0,1 BHK
2025.0,Al Barsha South Fifth,2.0,117500.0,1,600000,1568233.0,7.0,2 BHK
2025.0,Al Barsha South Fifth,3.0,195000.0,110000,350000,2376750.0,8.0,3 BHK
2025.0,Al Barsha South Fifth,4.0,225000.0,164010,290000,3638021.0,6.0,4 BHK
2025.0,Al Barsha South Fourth,0.0,48510.0,1200,9000000,696148.0,7.0,Studio
2025.0,Al Barsha South Fourth,1.0,70000.0,4154,9000000,1064999.0,7.0,1 BHK
2025.0,Al Barsha South Fourth,2.0,95000.0,0,9000000,1546985.0,6.0,2 BHK
2025.0,Al Barsha South Fourth,3.0,150000.0,997,9000000,2160000.0,7.0,3 BHK
2025.0,Al Barsha South Fourth,4.0,185000.0,65000,400000,2500000.0,7.0,4 BHK
2025.0,Al Barshaa South Second,0.0,47000.0,29700,78000,858163.0,5.0,Studio
2025.0,Al Barshaa South Second,1.0,69000.0,39000,160000,1313000.0,5.0,1 BHK
2025.0,Al Barshaa South Second,2.0,112000.0,50000,325000,2050000.0,5.0,2 BHK
2025.0,Al Barshaa South Second,3.0,240000.0,92400,350000,3285894.0,7.0,3 BHK
2025.0,Al Barshaa South Second,4.0,310000.0,60000,950000,7849317.0,4.0,4 BHK
2025.0,Al Barshaa South Third,0.0,45000.0,8623,3013368,640000.0,7.0,Studio
2025.0,Al Barshaa South Third,1.0,63000.0,3500,3013368,1049580.0,6.0,1 BHK
2025.0,Al Barshaa South Third,2.0,87000.0,604,3013368,1500000.0,6.0,2 BHK
2025.0,Al Barshaa South Third,3.0,150000.0,75000,655000,2001000.0,7.0,3 BHK
2025.0,Al Goze Fourth,0.0,41800.0,12000,1923000,540000.0,8.0,Studio
2025.0,Al Goze Fourth,1.0,63000.0,24700,3220800,800000.0,8.0,1 BHK
2025.0,Al Goze Fourth,2.0,56228.0,5000,3220800,1157900.0,5.0,2 BHK
2025.0,Al Goze Fourth,3.0,70621.5,50000,180000,1275000.0,6.0,3 BHK
2025.0,Al Hebiah Fifth,0.0,45000.0,26250,2354090,442500.0,10.0,Studio
2025.0,Al Hebiah Fifth,1.0,55000.0,33444,2571536,1241000.0,4.0,1 BHK
2025.0,Al Hebiah Fifth,2.0,75000.0,6468,2571536,1014800.0,7.0,2 BHK
2025.0,Al Hebiah Fifth,3.0,98550.0,66560,198000,1460000.0,7.0,3 BHK
2025.0,Al Hebiah First,0.0,44468.0,28000,641300,664988.0,7.0,Studio
2025.0,Al Hebiah First,1.0,66000.0,6000,641300,1145577.0,6.0,1 BHK
2025.0,Al Hebiah First,2.0,103750.0,9995,210000,1850388.5,6.0,2 BHK
2025.0,Al Hebiah First,3.0,160000.0,12000,370000,2200000.0,7.0,3 BHK
2025.0,Al Hebiah First,4.0,265000.0,40000,558000,6741777.0,4.0,4 BHK
2025.0,Al Hebiah Fourth,0.0,40000.0,12000,86400,569170.0,7.0,Studio
2025.0,Al Hebiah Fourth,1.0,55000.0,15000,469200,810000.0,7.0,1 BHK
2025.0,Al Hebiah Fourth,2.0,77000.0,5000,2125714,1200000.0,6.0,2 BHK
2025.0,Al Hebiah Fourth,3.0,190000.0,35000,410000,2150000.0,9.0,3 BHK
2025.0,Al Hebiah Fourth,4.0,315000.0,600,675000,3480000.0,9.0,4 BHK
2025.0,Al Hebiah Second,0.0,47000.0,29901,98268,560000.0,8.0,Studio
2025.0,Al Hebiah Second,1.0,68000.0,24000,88000,960000.0,7.0,1 BHK
2025.0,Al Hebiah Second,2.0,90000.0,50000,130000,1352000.0,7.0,2 BHK
2025.0,Al Hebiah Second,3.0,115000.0,80000,135300,1500000.0,8.0,3 BHK
2025.0,Al Hebiah Sixth,1.0,60000.0,43000,80000,863000.0,7.0,1 BHK
2025.0,Al Hebiah Sixth,2.0,120000.0,77000,150000,1310000.0,9.0,2 BHK
2025.0,Al Hebiah Sixth,3.0,180000.0,6667,320000,1526400.0,12.0,3 BHK
2025.0,Al Hebiah Third,0.0,45000.0,20000,78000,550000.0,8.0,Studio
2025.0,Al Hebiah Third,1.0,70000.0,100,1880000,1037000.0,7.0,1 BHK
2025.0,Al Hebiah Third,2.0,120000.0,48000,210000,1909000.0,6.0,2 BHK
2025.0,Al Hebiah Third,3.0,195000.0,21000,350000,2586400.0,8.0,3 BHK
2025.0,Al Jadaf,0.0,54000.0,5800,446400,914000.0,6.0,Studio
2025.0,Al Jadaf,1.0,68000.0,10000,140000,1275367.5,5.0,1 BHK
2025.0,Al Jadaf,2.0,85000.0,7725,315000,2000000.0,4.0,2 BHK
2025.0,Al Jadaf,3.0,125000.0,10000,800000,2400000.0,5.0,3 BHK
2025.0,Al Jadaf,4.0,307500.0,133100,750000,7650000.0,4.0,4 BHK
2025.0,Al Khairan First,1.0,100000.0,43250,220000,1866888.0,5.0,1 BHK
2025.0,Al Khairan First,2.0,150000.0,20000,1470000,2816888.0,5.0,2 BHK
2025.0,Al Khairan First,3.0,215000.0,100000,600000,3760000.0,6.0,3 BHK
2025.0,Al Khairan First,4.0,447500.0,250000,850000,6399944.0,7.0,4 BHK
2025.0,Al Kheeran,0.0,30180.0,27300,44000,920000.0,3.0,Studio
2025.0,Al Kheeran,1.0,45000.0,21525,130000,1272000.0,4.0,1 BHK
2025.0,Al Kheeran,2.0,144000.0,52800,3132632,2960500.0,5.0,2 BHK
2025.0,Al Kheeran,3.0,200000.0,66500,330000,3280000.0,6.0,3 BHK
2025.0,Al Kifaf,1.0,110000.0,73600,250000,1800000.0,6.0,1 BHK
2025.0,Al Kifaf,2.0,155000.0,13962,275000,2504777.0,6.0,2 BHK
2025.0,Al Kifaf,3.0,220000.0,132300,270000,3800777.0,6.0,3 BHK
2025.0,Al Kifaf,4.0,250000.0,100000,400000,8228686.0,3.0,4 BHK
2025.0,Al Merkadh,0.0,50000.0,1,4620000,662000.0,8.0,Studio
2025.0,Al Merkadh,1.0,83160.0,12,700000,1260000.0,7.0,1 BHK
2025.0,Al Merkadh,2.0,135000.0,45000,270000,2160000.0,6.0,2 BHK
2025.0,Al Merkadh,3.0,181000.0,26290,420000,3050000.0,6.0,3 BHK
2025.0,Al Merkadh,4.0,800000.0,35700,1850000,4450000.0,18.0,4 BHK
2025.0,Al Nahda First,1.0,44100.0,5000,3990000,313750.5,14.0,1 BHK
2025.0,Al Nahda First,2.0,58433.0,10000,2005000,401870.5,15.0,2 BHK
2025.0,Al Nahda First,3.0,85000.0,25000,3990000,549146.0,15.0,3 BHK
2025.0,Al Nahda First,4.0,97520.0,94000,110000,554884.5,18.0,4 BHK
2025.0,Al Qusais Industrial Fifth,1.0,40000.0,26365,59000,432600.0,9.0,1 BHK
2025.0,Al Qusais Industrial Fifth,2.0,50000.0,23333,148500,798121.0,6.0,2 BHK
2025.0,Al Qusais Industrial Fifth,3.0,61000.0,33000,90000,913800.0,7.0,3 BHK
2025.0,Al Qusais Industrial Fourth,0.0,38079.0,25000,57000,352500.0,11.0,Studio
2025.0,Al Qusais Industrial Fourth,1.0,42000.0,25000,65000,464000.0,9.0,1 BHK
2025.0,Al Qusais Industrial Fourth,3.0,73000.0,65000,115500,1100000.0,7.0,3 BHK
2025.0,Al Safouh First,0.0,55000.0,38000,118000,635278.0,9.0,Studio
2025.0,Al Safouh First,1.0,85000.0,47000,130000,1240000.0,7.0,1 BHK
2025.0,Al Safouh First,2.0,100000.0,50000,180000,1918320.0,5.0,2 BHK
2025.0,Al Safouh First,3.0,176000.0,120000,900000,3687141.5,5.0,3 BHK
2025.0,Al Safouh Second,1.0,80000.0,70132,165000,2350000.0,3.0,1 BHK
2025.0,Al Safouh Second,2.0,129800.0,5000,230000,2824000.0,5.0,2 BHK
2025.0,Al Safouh Second,3.0,180000.0,133127,3987500,662500.0,27.0,3 BHK
2025.0,Al Safouh Second,4.0,214500.0,137500,3987500,12727792.5,2.0,4 BHK
2025.0,Al Satwa,0.0,49000.0,15000,160522,974695.0,5.0,Studio
2025.0,Al Satwa,1.0,70000.0,20000,4622100,1489000.0,5.0,1 BHK
2025.0,Al Satwa,2.0,90500.0,20000,4622100,2240000.0,4.0,2 BHK
2025.0,Al Satwa,3.0,187000.0,30000,471909,3035000.0,6.0,3 BHK
2025.0,Al Thanyah Fifth,0.0,59842.0,7490,429000,980000.0,6.0,Studio
2025.0,Al Thanyah Fifth,1.0,80216.0,1000,800000,1610000.0,5.0,1 BHK
2025.0,Al Thanyah Fifth,2.0,120000.0,10000,1399998,2480650.0,5.0,2 BHK
2025.0,Al Thanyah Fifth,3.0,215000.0,13000,780000,3680000.0,6.0,3 BHK
2025.0,Al Thanyah Fifth,4.0,360000.0,10000,2900000,5114965.0,7.0,4 BHK
2025.0,Al Thanyah First,0.0,60000.0,25000,1185000,773200.0,8.0,Studio
2025.0,Al Thanyah First,1.0,65000.0,10000,1185000,995216.0,7.0,1 BHK
2025.0,Al Thanyah First,2.0,85000.0,10000,1260000,1500000.0,6.0,2 BHK
2025.0,Al Thanyah First,3.0,110305.0,72610,1260000,10856690.0,1.0,3 BHK
2025.0,Al Thanyah First,4.0,131000.0,130000,132000,12727132.5,1.0,4 BHK
2025.0,Al Thanyah Third,0.0,60000.0,43740,120000,850000.0,7.0,Studio
2025.0,Al Thanyah Third,1.0,90000.0,16600,320000,1300000.0,7.0,1 BHK
2025.0,Al Thanyah Third,2.0,150000.0,11625,290000,2100000.0,7.0,2 BHK
2025.0,Al Thanyah Third,3.0,225000.0,40000,500000,2961250.0,8.0,3 BHK
2025.0,Al Thanyah Third,4.0,350000.0,165541,950000,4341000.0,8.0,4 BHK
2025.0,Al Warsan First,0.0,28000.0,1000,2009428,315000.0,9.0,Studio
2025.0,Al Warsan First,1.0,39285.0,5000,2009428,430000.0,9.0,1 BHK
2025.0,Al Warsan First,2.0,55000.0,10000,2009428,695000.0,8.0,2 BHK
2025.0,Al Warsan First,3.0,105000.0,10000,1440000,1280000.0,8.0,3 BHK
2025.0,Al Wasl,0.0,57000.0,16000,281160,1234000.0,5.0,Studio
2025.0,Al Wasl,1.0,139727.0,20000,2176020,2583000.0,5.0,1 BHK
2025.0,Al Wasl,2.0,195787.5,10000,2176020,3840000.0,5.0,2 BHK
2025.0,Al Wasl,3.0,250000.0,70000,2176020,7318000.0,3.0,3 BHK
2025.0,Al Wasl,4.0,225908.0,158000,2145000,14839500.0,2.0,4 BHK
2025.0,Al Yelayiss 2,0.0,40000.0,19200,66000,500000.0,8.0,Studio
2025.0,Al Yelayiss 2,1.0,56000.0,81,110526,917888.0,6.0,1 BHK
2025.0,Al Yelayiss 2,2.0,80000.0,30000,140000,1350000.0,6.0,2 BHK
2025.0,Al Yelayiss 2,3.0,140000.0,1000,250000,1824000.0,8.0,3 BHK
2025.0,Al Yelayiss 2,4.0,170000.0,80000,330000,2223000.0,8.0,4 BHK
2025.0,Bukadra,2.0,91000.0,72000,120750,2629828.0,3.0,2 BHK
2025.0,Bukadra,3.0,138000.0,138000,138000,3919215.0,4.0,3 BHK
2025.0,Burj Khalifa,0.0,75000.0,12000,155000,1699999.0,4.0,Studio
2025.0,Burj Khalifa,1.0,118000.0,10000,7560000,1930000.0,6.0,1 BHK
2025.0,Burj Khalifa,2.0,180000.0,4986,2700000,3200000.0,6.0,2 BHK
2025.0,Burj Khalifa,3.0,280000.0,400,810000,4950000.0,6.0,3 BHK
2025.0,Burj Khalifa,4.0,1465384.5,108000,2500000,17991444.0,8.0,4 BHK
2025.0,Business Bay,0.0,69403.0,1,1591200,1150000.0,6.0,Studio
2025.0,Business Bay,1.0,85000.0,1,8300003,1935500.0,4.0,1 BHK
2025.0,Business Bay,2.0,125000.0,105,28935000,2792478.0,4.0,2 BHK
2025.0,Business Bay,3.0,209000.0,1,28935000,4139633.0,5.0,3 BHK
2025.0,Business Bay,4.0,310000.0,150000,850000,12217664.5,3.0,4 BHK
2025.0,Dubai Investment Park First,0.0,50000.0,7920,3254400,420000.0,12.0,Studio
2025.0,Dubai Investment Park First,1.0,193100.0,7200,1716000,766486.0,25.0,1 BHK
2025.0,Dubai Investment Park First,2.0,75000.0,20000,696000,1254303.5,6.0,2 BHK
2025.0,Dubai Investment Park First,3.0,154000.0,40000,408000,2620000.0,6.0,3 BHK
2025.0,Dubai Investment Park First,4.0,300000.0,100000,475000,3680000.0,8.0,4 BHK
2025.0,Dubai Investment Park Second,0.0,40000.0,7200,5000000,653000.0,6.0,Studio
2025.0,Dubai Investment Park Second,1.0,57000.0,5820,5000000,1156000.0,5.0,1 BHK
2025.0,Dubai Investment Park Second,2.0,80000.0,22000,5000000,1792000.0,4.0,2 BHK
2025.0,Dubai Investment Park Second,3.0,4000000.0,86600,5000000,1425000.0,281.0,3 BHK
2025.0,Hadaeq Sheikh Mohammed Bin Rashid,0.0,55000.0,40000,110000,760000.0,7.0,Studio
2025.0,Hadaeq Sheikh Mohammed Bin Rashid,1.0,90000.0,110,238462,1656888.0,5.0,1 BHK
2025.0,Hadaeq Sheikh Mohammed Bin Rashid,2.0,148000.0,500,1162500,2772888.0,5.0,2 BHK
2025.0,Hadaeq Sheikh Mohammed Bin Rashid,3.0,250000.0,23827,800000,4092388.0,6.0,3 BHK
2025.0,Hadaeq Sheikh Mohammed Bin Rashid,4.0,300000.0,449,1500000,11236680.0,3.0,4 BHK
2025.0,Hessyan First,0.0,32025.0,16013,50000,370000.0,9.0,Studio
2025.0,Hessyan First,1.0,41000.0,19750,1360000,560000.0,7.0,1 BHK
2025.0,Hessyan First,2.0,59000.0,38500,89423,750000.0,8.0,2 BHK
2025.0,Hessyan First,3.0,87665.0,35000,211000,1100000.0,8.0,3 BHK
2025.0,Island 2,1.0,750000.0,650000,1095000,12675000.0,6.0,1 BHK
2025.0,Island 2,2.0,923094.5,200000,1450000,18500000.0,5.0,2 BHK
2025.0,Island 2,3.0,1300000.0,10000,2100000,35000000.0,4.0,3 BHK
2025.0,Island 2,4.0,1500000.0,1500000,1500000,5140000.0,29.0,4 BHK
2025.0,Jabal Ali First,0.0,43000.0,1000,3330036,621000.0,7.0,Studio
2025.0,Jabal Ali First,1.0,60500.0,6000,3330036,1176000.0,5.0,1 BHK
2025.0,Jabal Ali First,2.0,79648.0,2,8400000,1635657.0,5.0,2 BHK
2025.0,Jabal Ali First,3.0,139466.0,220,1350000,2185000.0,6.0,3 BHK
2025.0,Jabal Ali First,4.0,220000.0,1000,550000,3213105.0,7.0,4 BHK
2025.0,Jabal Ali Industrial Second,0.0,45000.0,30000,78900,507500.0,9.0,Studio
2025.0,Jabal Ali Industrial Second,1.0,55000.0,34000,75000,931648.5,6.0,1 BHK
2025.0,Jabal Ali Industrial Second,2.0,75000.0,52000,110000,1535231.5,5.0,2 BHK
2025.0,Jabal Ali Industrial Second,3.0,88000.0,67200,518017990,2345730.0,4.0,3 BHK
2025.0,Jumeirah First,1.0,96000.0,20000,801360,2200000.0,4.0,1 BHK
2025.0,Jumeirah First,2.0,146999.0,30000,500000,3568300.0,4.0,2 BHK
2025.0,Jumeirah First,3.0,212500.0,10000,1600000,8600000.0,2.0,3 BHK
2025.0,Jumeirah First,4.0,231583.0,28333,2000000,32967000.0,1.0,4 BHK
2025.0,Jumeirah Second,1.0,85444.0,69878,130000,6902081.5,1.0,1 BHK
2025.0,Jumeirah Second,2.0,113850.0,94500,140869,15306804.0,1.0,2 BHK
2025.0,Jumeirah Second,3.0,181500.0,85444,2310000,30541303.5,1.0,3 BHK
2025.0,Jumeirah Second,4.0,246250.0,50000,800000,38159735.0,1.0,4 BHK
2025.0,Madinat Al Mataar,0.0,40000.0,2000,60000,607050.0,7.0,Studio
2025.0,Madinat Al Mataar,1.0,54853.0,10000,1329304,1170000.0,5.0,1 BHK
2025.0,Madinat Al Mataar,2.0,83000.0,10000,6768750,2052888.0,4.0,2 BHK
2025.0,Madinat Al Mataar,3.0,110000.0,1,200000,2500000.0,4.0,3 BHK
2025.0,Madinat Al Mataar,4.0,150000.0,100000,766373,3632367.5,4.0,4 BHK
2025.0,Madinat Dubai Almelaheyah,0.0,60000.0,6050,8035000,1369000.0,4.0,Studio
2025.0,Madinat Dubai Almelaheyah,1.0,98500.0,40810,25410000,2319000.0,4.0,1 BHK
2025.0,Madinat Dubai Almelaheyah,2.0,81288.0,45000,25410000,3692530.0,2.0,2 BHK
2025.0,Madinat Dubai Almelaheyah,3.0,110894.5,60000,25410000,5758944.0,2.0,3 BHK
2025.0,Madinat Hind 4,0.0,37000.0,6000,50400,420000.0,9.0,Studio
2025.0,Madinat Hind 4,1.0,45000.0,31002,70000,625000.0,7.0,1 BHK
2025.0,Madinat Hind 4,2.0,78844.5,4993,115000,1056500.0,7.0,2 BHK
2025.0,Marsa Dubai,0.0,65000.0,5000,190000,1377888.0,5.0,Studio
2025.0,Marsa Dubai,1.0,95000.0,10,1470000,1950000.0,5.0,1 BHK
2025.0,Marsa Dubai,2.0,140000.0,50,1173994,2750000.0,5.0,2 BHK
2025.0,Marsa Dubai,3.0,200000.0,10000,5400000,4300000.0,5.0,3 BHK
2025.0,Marsa Dubai,4.0,275766.0,40000,1900000,9000000.0,3.0,4 BHK
2025.0,Me'Aisem First,0.0,36000.0,5500,5241000,593500.0,6.0,Studio
2025.0,Me'Aisem First,1.0,55000.0,1000,5241000,971667.0,6.0,1 BHK
2025.0,Me'Aisem First,2.0,78000.0,20000,8270473,1391522.0,6.0,2 BHK
2025.0,Me'Aisem First,3.0,364000.0,44000,8270473,1800000.0,20.0,3 BHK
2025.0,Me'Aisem First,4.0,475000.0,99866,1950000,3816000.0,12.0,4 BHK
2025.0,Mirdif,0.0,40541.0,25000,75000,547604.0,7.0,Studio
2025.0,Mirdif,1.0,51818.0,30000,3800053,1000000.0,5.0,1 BHK
2025.0,Mirdif,2.0,71000.0,7587,3800053,1687871.0,4.0,2 BHK
2025.0,Mirdif,3.0,100000.0,2400,3800053,2449116.0,4.0,3 BHK
2025.0,Mirdif,4.0,125000.0,26717,430000,3300000.0,4.0,4 BHK
2025.0,Muhaisanah First,1.0,80000.0,45000,297000,1060000.0,8.0,1 BHK
2025.0,Muhaisanah First,2.0,120000.0,49862,170000,1760000.0,7.0,2 BHK
2025.0,Muhaisanah First,3.0,150000.0,40000,270000,3000000.0,5.0,3 BHK
2025.0,Nad Al Hamar,0.0,37000.0,28500,50000,557000.0,7.0,Studio
2025.0,Nad Al Hamar,1.0,47250.0,21250,400000,920892.0,5.0,1 BHK
2025.0,Nad Al Hamar,2.0,68000.0,45128,110000,1332000.0,5.0,2 BHK
2025.0,Nad Al Shiba First,0.0,56000.0,54000,62000,892500.0,6.0,Studio
2025.0,Nad Al Shiba First,1.0,80000.0,35000,300000,1300000.0,6.0,1 BHK
2025.0,Nad Al Shiba First,2.0,120000.0,5000,335000,2400000.0,5.0,2 BHK
2025.0,Nad Al Shiba First,3.0,148000.0,115000,500000,4325625.0,3.0,3 BHK
2025.0,Nad Al Shiba First,4.0,300000.0,100000,650000,6477440.0,5.0,4 BHK
2025.0,Nadd Hessa,0.0,40000.0,6000,4351000,740000.0,5.0,Studio
2025.0,Nadd Hessa,1.0,50000.0,5000,4351000,895090.0,6.0,1 BHK
2025.0,Nadd Hessa,2.0,71400.0,25000,4351000,1421500.0,5.0,2 BHK
2025.0,Nadd Hessa,3.0,123000.0,10000,4351000,1817570.0,7.0,3 BHK
2025.0,Nadd Hessa,4.0,161000.0,105000,250000,4059341.0,4.0,4 BHK
2025.0,Palm Jumeirah,0.0,90000.0,100,5000000,1412500.0,6.0,Studio
2025.0,Palm Jumeirah,1.0,145000.0,24000,330000,3000000.0,5.0,1 BHK
2025.0,Palm Jumeirah,2.0,210000.0,1000,1635000,4100000.0,5.0,2 BHK
2025.0,Palm Jumeirah,3.0,285000.0,25000,3500000,6500000.0,4.0,3 BHK
2025.0,Palm Jumeirah,4.0,809000.0,45000,7000000,15309738.0,5.0,4 BHK
2025.0,Ras Al Khor Industrial First,1.0,56000.0,49450,375000,1678514.0,3.0,1 BHK
2025.0,Ras Al Khor Industrial First,2.0,65000.0,65000,65000,3107790.0,2.0,2 BHK
2025.0,Rega Al Buteen,2.0,83500.0,30000,5000000,1350584.0,6.0,2 BHK
2025.0,Rega Al Buteen,3.0,110000.0,25000,180000,1591930.0,7.0,3 BHK
2025.0,Saih Shuaib 2,0.0,37000.0,10000,480000,574635.0,6.0,Studio
2025.0,Saih Shuaib 2,1.0,53000.0,26000,780000,847818.0,6.0,1 BHK
2025.0,Saih Shuaib 2,2.0,70000.0,42000,780000,792602.0,9.0,2 BHK
2025.0,Trade Center First,1.0,85168.5,45000,8820000,2941509.0,3.0,1 BHK
2025.0,Trade Center First,2.0,106263.0,10000,14000000,4166716.0,3.0,2 BHK
2025.0,Trade Center First,3.0,140875.0,60000,24375000,6847296.5,2.0,3 BHK
2025.0,Trade Center Second,1.0,76230.0,48000,145002,4072000.0,2.0,1 BHK
2025.0,Trade Center Second,2.0,98087.5,33675,400000,6571000.0,1.0,2 BHK
2025.0,Trade Center Second,3.0,121000.0,60000,670000,10682000.0,1.0,3 BHK
2025.0,Trade Center Second,4.0,257825.0,185000,395000,4925000.0,5.0,4 BHK
2025.0,Um Hurair Second,0.0,75000.0,57750,92000,1062500.0,7.0,Studio
2025.0,Um Hurair Second,1.0,63000.0,32000,170000,1950000.0,3.0,1 BHK
2025.0,Um Hurair Second,2.0,85125.0,15308,720000,2500000.0,3.0,2 BHK
2025.0,Um Hurair Second,3.0,189000.0,75000,288776,4900000.0,4.0,3 BHK
2025.0,Um Suqaim Third,1.0,125000.0,52000,195000,2050000.0,6.0,1 BHK
2025.0,Um Suqaim Third,2.0,199000.0,36000,2770213,3500000.0,6.0,2 BHK
2025.0,Um Suqaim Third,3.0,248783.5,100000,650000,5500000.0,5.0,3 BHK
2025.0,Um Suqaim Third,4.0,251500.0,79000,1000000,8859000.0,3.0,4 BHK
2025.0,Wadi Al Safa 2,0.0,38000.0,5000,66000,699777.0,5.0,Studio
2025.0,Wadi Al Safa 2,1.0,48000.0,5600,465000,930000.0,5.0,1 BHK
2025.0,Wadi Al Safa 2,2.0,68000.0,25000,1215506,1476400.0,5.0,2 BHK
2025.0,Wadi Al Safa 2,3.0,100000.0,1200,300000,2351939.0,4.0,3 BHK
2025.0,Wadi Al Safa 2,4.0,210000.0,95500,280000,3250000.0,6.0,4 BHK
2025.0,Wadi Al Safa 3,0.0,36284.0,18000,115000,698999.0,5.0,Studio
2025.0,Wadi Al Safa 3,1.0,55000.0,20000,305000,1064499.5,5.0,1 BHK
2025.0,Wadi Al Safa 3,2.0,85000.0,20000,16275000,1400951.0,6.0,2 BHK
2025.0,Wadi Al Safa 3,3.0,170000.0,49643,16275000,1839996.5,9.0,3 BHK
2025.0,Wadi Al Safa 3,4.0,195000.0,24000,2400000,2644044.0,7.0,4 BHK
2025.0,Wadi Al Safa 4,1.0,50000.0,38000,60000,1622000.0,3.0,1 BHK
2025.0,Wadi Al Safa 4,2.0,70000.0,45000,75000,2669000.0,3.0,2 BHK
2025.0,Wadi Al Safa 5,0.0,36400.0,1750,645000,671576.0,5.0,Studio
2025.0,Wadi Al Safa 5,1.0,48505.0,12500,4190875,1009779.0,5.0,1 BHK
2025.0,Wadi Al Safa 5,2.0,64735.0,1000,4190875,1392383.5,5.0,2 BHK
2025.0,Wadi Al Safa 5,3.0,155000.0,1,640000,1886634.5,8.0,3 BHK
2025.0,Wadi Al Safa 5,4.0,200000.0,2000,2300000,2310829.5,9.0,4 BHK
2025.0,Wadi Al Safa 7,0.0,41442.0,26400,60000,455000.0,9.0,Studio
2025.0,Wadi Al Safa 7,1.0,65000.0,29333,100000,610000.0,11.0,1 BHK
2025.0,Wadi Al Safa 7,2.0,100000.0,3500,180000,1015332.0,10.0,2 BHK
2025.0,Wadi Al Safa 7,3.0,165000.0,8000,300000,1360000.0,12.0,3 BHK
2025.0,Warsan Fourth,0.0,35000.0,5000,2227500,470000.0,7.0,Studio
2025.0,Warsan Fourth,1.0,46000.0,5000,9325000,720292.5,6.0,1 BHK
2025.0,Warsan Fourth,2.0,59000.0,10000,122980,1106747.0,5.0,2 BHK
2025.0,Warsan Fourth,3.0,78000.0,15000,120000,1300000.0,6.0,3 BHK
2025.0,Warsan Fourth,4.0,90000.0,90000,90000,2565000.0,4.0,4 BHK
2025.0,Zaabeel First,1.0,320000.0,230000,540000,2394888.0,13.0,1 BHK
2025.0,Zaabeel First,2.0,599195.5,36000,2800000,4025888.0,15.0,2 BHK
2025.0,Zaabeel First,3.0,1250000.0,623734,1800000,5288944.0,24.0,3 BHK
2025.0,Zaabeel Second,1.0,123000.0,10000,200000,2279500.0,5.0,1 BHK
2025.0,Zaabeel Second,2.0,180000.0,66214,300000,4269000.0,4.0,2 BHK
2025.0,Zaabeel Second,3.0,280000.0,220000,480000,5500000.0,5.0,3 BHK
2025.0,Zaabeel Second,4.0,540000.0,400000,600000,11392000.0,5.0,4 BHK
2024.0,Al Barsha First,0.0,40350.0,15000,283920,665477.0,6.0,Studio
2024.0,Al Barsha First,1.0,58443.0,10000,8774730,855000.0,7.0,1 BHK
2024.0,Al Barsha First,2.0,82000.0,1,8774730,1316000.0,6.0,2 BHK
2024.0,Al Barsha South Fifth,0.0,40000.0,14000,78000,572184.0,7.0,Studio
2024.0,Al Barsha South Fifth,1.0,63500.0,25000,145000,946142.5,7.0,1 BHK
2024.0,Al Barsha South Fifth,2.0,112394.0,2500,310000,1351842.5,8.0,2 BHK
2024.0,Al Barsha South Fifth,3.0,180000.0,45000,350000,2123850.0,8.0,3 BHK
2024.0,Al Barsha South Fifth,4.0,215000.0,156200,430000,3850470.0,6.0,4 BHK
2024.0,Al Barsha South Fourth,0.0,44600.0,9449,8000000,620000.0,7.0,Studio
2024.0,Al Barsha South Fourth,1.0,60000.0,3000,7353000,920000.0,7.0,1 BHK
2024.0,Al Barsha South Fourth,2.0,85000.0,1,8000000,1400000.0,6.0,2 BHK
2024.0,Al Barsha South Fourth,3.0,135000.0,10000,7353000,1758437.0,8.0,3 BHK
2024.0,Al Barsha South Fourth,4.0,170000.0,50000,372000,2987999.5,6.0,4 BHK
2024.0,Al Barshaa South Second,0.0,40000.0,5333,78000,777000.0,5.0,Studio
2024.0,Al Barshaa South Second,1.0,60000.0,33600,160000,1200000.0,5.0,1 BHK
2024.0,Al Barshaa South Second,2.0,90000.0,50000,140000,1540777.0,6.0,2 BHK
2024.0,Al Barshaa South Second,3.0,185000.0,64000,300000,2449500.0,8.0,3 BHK
2024.0,Al Barshaa South Third,0.0,41600.0,18470,2842800,602848.5,7.0,Studio
2024.0,Al Barshaa South Third,1.0,58000.0,1000,2842800,1000000.0,6.0,1 BHK
2024.0,Al Barshaa South Third,2.0,80000.0,6300,2842800,1412891.0,6.0,2 BHK
2024.0,Al Barshaa South Third,3.0,146500.0,30000,1240275,2114593.0,7.0,3 BHK
2024.0,Al Goze Fourth,0.0,38500.0,10000,1470000,480000.0,8.0,Studio
2024.0,Al Goze Fourth,1.0,47250.0,13000,3220800,735000.0,6.0,1 BHK
2024.0,Al Goze Fourth,2.0,54600.0,5000,3220800,1200000.0,5.0,2 BHK
2024.0,Al Goze Fourth,3.0,73624.5,49537,250000,1387500.0,5.0,3 BHK
2024.0,Al Hebiah Fifth,0.0,35000.0,18500,10169695,385000.0,9.0,Studio
2024.0,Al Hebiah Fifth,1.0,48000.0,30000,10169695,1213734.0,4.0,1 BHK
2024.0,Al Hebiah Fifth,2.0,66000.0,11333,10169695,1564000.0,4.0,2 BHK
2024.0,Al Hebiah Fifth,3.0,93712.5,64470,140000,1229600.0,8.0,3 BHK
2024.0,Al Hebiah First,0.0,41502.5,10000,605000,525000.0,8.0,Studio
2024.0,Al Hebiah First,1.0,58443.0,5000,605000,1042554.0,6.0,1 BHK
2024.0,Al Hebiah First,2.0,90750.0,42378,871200,1300000.0,7.0,2 BHK
2024.0,Al Hebiah First,3.0,138825.0,64286,370000,1826800.0,8.0,3 BHK
2024.0,Al Hebiah First,4.0,267500.0,170000,665000,2398250.0,11.0,4 BHK
2024.0,Al Hebiah Fourth,0.0,36000.0,2571,94426,515000.0,7.0,Studio
2024.0,Al Hebiah Fourth,1.0,49000.0,20000,120000,715000.0,7.0,1 BHK
2024.0,Al Hebiah Fourth,2.0,69460.0,15000,158298,1200000.0,6.0,2 BHK
2024.0,Al Hebiah Fourth,3.0,174271.5,65000,280000,1693000.0,10.0,3 BHK
2024.0,Al Hebiah Second,0.0,45000.0,26000,69500,510020.0,9.0,Studio
2024.0,Al Hebiah Second,1.0,65000.0,30000,90000,833300.0,8.0,1 BHK
2024.0,Al Hebiah Second,2.0,85000.0,57000,132473,1048615.0,8.0,2 BHK
2024.0,Al Hebiah Second,3.0,110000.0,80000,150000,1170000.0,9.0,3 BHK
2024.0,Al Hebiah Sixth,1.0,59000.0,41000,75000,795000.0,7.0,1 BHK
2024.0,Al Hebiah Sixth,2.0,110000.0,75000,150000,1200000.0,9.0,2 BHK
2024.0,Al Hebiah Sixth,3.0,164850.0,30252,340000,1776800.0,9.0,3 BHK
2024.0,Al Hebiah Third,0.0,40000.0,6250,125000,519280.0,8.0,Studio
2024.0,Al Hebiah Third,1.0,61000.0,100,110000,1033440.0,6.0,1 BHK
2024.0,Al Hebiah Third,2.0,110000.0,60000,235000,1700150.0,6.0,2 BHK
2024.0,Al Hebiah Third,3.0,190000.0,19000,425000,2181200.0,9.0,3 BHK
2024.0,Al Jadaf,0.0,50000.0,15000,80000,678980.0,7.0,Studio
2024.0,Al Jadaf,1.0,64000.0,5000,240000,1100000.0,6.0,1 BHK
2024.0,Al Jadaf,2.0,77400.0,5000,353933,2013059.0,4.0,2 BHK
2024.0,Al Jadaf,3.0,118000.0,10000,750000,3141828.0,4.0,3 BHK
2024.0,Al Jadaf,4.0,274000.0,133100,410000,9877700.0,3.0,4 BHK
2024.0,Al Khairan First,1.0,90000.0,0,206400,1770888.0,5.0,1 BHK
2024.0,Al Khairan First,2.0,140000.0,50000,300000,2742888.0,5.0,2 BHK
2024.0,Al Khairan First,3.0,195000.0,50000,500000,3747888.0,5.0,3 BHK
2024.0,Al Khairan First,4.0,400000.0,290000,650000,6002944.0,7.0,4 BHK
2024.0,Al Kheeran,1.0,38000.0,21525,110000,1430000.0,3.0,1 BHK
2024.0,Al Kheeran,2.0,129496.5,15000,195000,2578000.0,5.0,2 BHK
2024.0,Al Kheeran,3.0,185000.0,135000,315000,3050000.0,6.0,3 BHK
2024.0,Al Kheeran,4.0,267500.0,241500,360000,4980000.0,5.0,4 BHK
2024.0,Al Kifaf,1.0,101560.5,30000,135000,1677777.0,6.0,1 BHK
2024.0,Al Kifaf,2.0,150000.0,95000,350000,2326777.0,6.0,2 BHK
2024.0,Al Kifaf,3.0,206000.0,132300,320000,3366777.0,6.0,3 BHK
2024.0,Al Merkadh,0.0,45000.0,22500,8640000,593480.0,8.0,Studio
2024.0,Al Merkadh,1.0,80000.0,30000,300000,1229600.0,7.0,1 BHK
2024.0,Al Merkadh,2.0,125000.0,45000,330000,2067358.0,6.0,2 BHK
2024.0,Al Merkadh,3.0,173000.0,106000,420000,3000000.0,6.0,3 BHK
2024.0,Al Merkadh,4.0,772500.0,98000,1200000,5800000.0,13.0,4 BHK
2024.0,Al Qusais Industrial Fourth,1.0,38500.0,25000,65000,432760.0,9.0,1 BHK
2024.0,Al Safouh First,0.0,49000.0,37000,115000,745000.0,7.0,Studio
2024.0,Al Safouh First,1.0,72600.0,45600,157000,1068749.0,7.0,1 BHK
2024.0,Al Safouh First,2.0,93390.0,49000,200000,1730155.0,5.0,2 BHK
2024.0,Al Safouh First,3.0,165000.0,96250,250000,2430000.0,7.0,3 BHK
2024.0,Al Safouh Second,1.0,80000.0,66150,170000,2976000.0,3.0,1 BHK
2024.0,Al Safouh Second,2.0,125000.0,5000,230000,4513500.0,3.0,2 BHK
2024.0,Al Safouh Second,3.0,179200.0,120600,3987500,6195000.0,3.0,3 BHK
2024.0,Al Safouh Second,4.0,196075.0,125000,3987500,17243169.0,1.0,4 BHK
2024.0,Al Satwa,0.0,46000.0,9500,158984,1000000.0,5.0,Studio
2024.0,Al Satwa,1.0,59000.0,12000,600000,1260831.0,5.0,1 BHK
2024.0,Al Satwa,2.0,82000.0,20000,440000,1840401.0,4.0,2 BHK
2024.0,Al Thanyah Fifth,0.0,55000.0,20000,91000,800000.0,7.0,Studio
2024.0,Al Thanyah Fifth,1.0,75000.0,1000,187200,1380000.0,5.0,1 BHK
2024.0,Al Thanyah Fifth,2.0,110000.0,10000,320000,2234237.0,5.0,2 BHK
2024.0,Al Thanyah Fifth,3.0,209500.0,7000,1000000,2910470.0,7.0,3 BHK
2024.0,Al Thanyah Fifth,4.0,340000.0,1000,3000000,790953.0,43.0,4 BHK
2024.0,Al Thanyah First,0.0,53000.0,38000,102000,692900.0,8.0,Studio
2024.0,Al Thanyah First,1.0,60000.0,19000,945000,970000.0,6.0,1 BHK
2024.0,Al Thanyah First,2.0,80000.0,8500,1020000,1370100.0,6.0,2 BHK
2024.0,Al Thanyah First,3.0,104738.0,70000,270000,1504000.0,7.0,3 BHK
2024.0,Al Thanyah Third,0.0,57000.0,40000,120000,741000.0,8.0,Studio
2024.0,Al Thanyah Third,1.0,82500.0,5000,400000,1150000.0,7.0,1 BHK
2024.0,Al Thanyah Third,2.0,135000.0,26322,315000,1950200.0,7.0,2 BHK
2024.0,Al Thanyah Third,3.0,200000.0,60000,450000,2750000.0,7.0,3 BHK
2024.0,Al Thanyah Third,4.0,320000.0,49862,920000,3100000.0,10.0,4 BHK
2024.0,Al Warsan First,0.0,25468.0,1429,1913724,283000.0,9.0,Studio
2024.0,Al Warsan First,1.0,36000.0,1538,1913724,390000.0,9.0,1 BHK
2024.0,Al Warsan First,2.0,51000.0,24000,1913724,614000.0,8.0,2 BHK
2024.0,Al Warsan First,3.0,100000.0,25000,200000,1430000.0,7.0,3 BHK
2024.0,Al Warsan First,4.0,91856.5,72250,102638,2772260.0,3.0,4 BHK
2024.0,Al Wasl,1.0,126900.0,33000,650000,2185000.0,6.0,1 BHK
2024.0,Al Wasl,2.0,159600.0,30000,425000,3553500.0,4.0,2 BHK
2024.0,Al Wasl,3.0,209000.0,50000,2145000,5500000.0,4.0,3 BHK
2024.0,Al Wasl,4.0,217350.0,75000,2145000,13379000.0,2.0,4 BHK
2024.0,Al Yelayiss 2,0.0,35000.0,17500,65000,460444.0,8.0,Studio
2024.0,Al Yelayiss 2,1.0,46805.0,1000,93000,806888.0,6.0,1 BHK
2024.0,Al Yelayiss 2,2.0,70000.0,36000,580622,1166888.0,6.0,2 BHK
2024.0,Al Yelayiss 2,3.0,130000.0,10000,185000,1501388.0,9.0,3 BHK
2024.0,Al Yelayiss 2,4.0,160000.0,110550,260000,1787360.0,9.0,4 BHK
2024.0,Bukadra,2.0,88000.0,45500,115000,2478665.0,4.0,2 BHK
2024.0,Bukadra,3.0,120000.0,120000,120000,3996744.0,3.0,3 BHK
2024.0,Burj Khalifa,0.0,72000.0,30000,2434909,1280000.0,6.0,Studio
2024.0,Burj Khalifa,1.0,110000.0,107,1620000,1840000.0,6.0,1 BHK
2024.0,Burj Khalifa,2.0,170000.0,5000,1500000,3055110.0,6.0,2 BHK
2024.0,Burj Khalifa,3.0,260000.0,10000,1200000,4500000.0,6.0,3 BHK
2024.0,Burj Khalifa,4.0,490000.0,50000,1600000,11769600.0,4.0,4 BHK
2024.0,Business Bay,0.0,65000.0,20000,1530000,1119944.0,6.0,Studio
2024.0,Business Bay,1.0,80000.0,13,1720000,1632500.0,5.0,1 BHK
2024.0,Business Bay,2.0,120000.0,15000,28935000,2526944.0,5.0,2 BHK
2024.0,Business Bay,3.0,192282.5,73054,28935000,4513328.0,4.0,3 BHK
2024.0,Business Bay,4.0,280000.0,150000,5013477,8671500.0,3.0,4 BHK
2024.0,Dubai Investment Park First,0.0,54345.0,7000,9160000,381000.0,14.0,Studio
2024.0,Dubai Investment Park First,1.0,58500.0,1000,9160000,755538.0,8.0,1 BHK
2024.0,Dubai Investment Park First,2.0,70000.0,20000,9160000,1160041.0,6.0,2 BHK
2024.0,Dubai Investment Park First,3.0,155000.0,50000,450000,1519849.0,10.0,3 BHK
2024.0,Dubai Investment Park First,4.0,300000.0,156923,480000,3007707.5,10.0,4 BHK
2024.0,Dubai Investment Park Second,0.0,33000.0,3200,5000000,312500.0,11.0,Studio
2024.0,Dubai Investment Park Second,1.0,50000.0,5100,5000000,420000.0,12.0,1 BHK
2024.0,Dubai Investment Park Second,2.0,67500.0,42350,5000000,790000.0,9.0,2 BHK
2024.0,Dubai Investment Park Second,3.0,5000000.0,80000,5000000,1160000.0,431.0,3 BHK
2024.0,Hadaeq Sheikh Mohammed Bin Rashid,0.0,55000.0,12000,440000,686702.0,8.0,Studio
2024.0,Hadaeq Sheikh Mohammed Bin Rashid,1.0,85000.0,43200,2350000,1602888.0,5.0,1 BHK
2024.0,Hadaeq Sheikh Mohammed Bin Rashid,2.0,135000.0,45000,330000,2600888.0,5.0,2 BHK
2024.0,Hadaeq Sheikh Mohammed Bin Rashid,3.0,235000.0,40000,800000,3891888.0,6.0,3 BHK
2024.0,Hadaeq Sheikh Mohammed Bin Rashid,4.0,285000.0,1000,10666667,6168828.0,5.0,4 BHK
2024.0,Hessyan First,0.0,32000.0,26565,35676,300000.0,11.0,Studio
2024.0,Hessyan First,1.0,39500.0,18740,82000,426000.0,9.0,1 BHK
2024.0,Hessyan First,2.0,52000.0,35000,85050,595000.0,9.0,2 BHK
2024.0,Hessyan First,3.0,85050.0,50000,220000,683000.0,12.0,3 BHK
2024.0,Island 2,1.0,720000.0,403800,850000,11500000.0,6.0,1 BHK
2024.0,Island 2,2.0,940000.0,200000,1100000,18000000.0,5.0,2 BHK
2024.0,Island 2,3.0,1000000.0,10000,1900000,31000000.0,3.0,3 BHK
2024.0,Island 2,4.0,2950000.0,2000000,3900000,70000000.0,4.0,4 BHK
2024.0,Jabal Ali First,0.0,38000.0,4000,12659266,600000.0,6.0,Studio
2024.0,Jabal Ali First,1.0,55000.0,5000,12659266,970000.0,6.0,1 BHK
2024.0,Jabal Ali First,2.0,72930.0,7056,12659266,1418166.5,5.0,2 BHK
2024.0,Jabal Ali First,3.0,126000.0,28804,451498,2047480.0,6.0,3 BHK
2024.0,Jabal Ali First,4.0,173579.0,10000,2976000,2439070.0,7.0,4 BHK
2024.0,Jabal Ali Industrial Second,0.0,41000.0,2000,60000,570772.0,7.0,Studio
2024.0,Jabal Ali Industrial Second,1.0,50000.0,22000,75000,952616.0,5.0,1 BHK
2024.0,Jabal Ali Industrial Second,2.0,71000.0,50000,120000,1516941.0,5.0,2 BHK
2024.0,Jabal Ali Industrial Second,3.0,80000.0,64000,100000,1400412.0,6.0,3 BHK
2024.0,Jumeirah First,1.0,78750.0,1,560000,2000000.0,4.0,1 BHK
2024.0,Jumeirah First,2.0,110000.0,19945,320000,3400000.0,3.0,2 BHK
2024.0,Jumeirah First,3.0,195250.0,10000,1534000,6900000.0,3.0,3 BHK
2024.0,Jumeirah First,4.0,220555.0,25000,1750000,12900000.0,2.0,4 BHK
2024.0,Jumeirah Second,1.0,83113.0,66550,125000,4596000.0,2.0,1 BHK
2024.0,Jumeirah Second,2.0,104000.0,89330,145000,8121500.0,1.0,2 BHK
2024.0,Jumeirah Second,3.0,178250.0,80000,2310000,11938000.0,1.0,3 BHK
2024.0,Jumeirah Second,4.0,220000.0,80000,2800000,18724000.0,1.0,4 BHK
2024.0,Madinat Al Mataar,0.0,36000.0,40,6480180,596000.0,6.0,Studio
2024.0,Madinat Al Mataar,1.0,45000.0,1000,228000,998888.0,5.0,1 BHK
2024.0,Madinat Al Mataar,2.0,70000.0,25000,250348,1320938.0,5.0,2 BHK
2024.0,Madinat Al Mataar,3.0,98000.0,60500,197500,2020226.0,5.0,3 BHK
2024.0,Madinat Al Mataar,4.0,140000.0,70000,240000,7133906.0,2.0,4 BHK
2024.0,Madinat Dubai Almelaheyah,0.0,55000.0,22000,8035000,1212000.0,5.0,Studio
2024.0,Madinat Dubai Almelaheyah,1.0,73999.0,42000,8997500,1763888.0,4.0,1 BHK
2024.0,Madinat Dubai Almelaheyah,2.0,4415000.0,6000,9537500,2699950.0,164.0,2 BHK
2024.0,Madinat Dubai Almelaheyah,3.0,105000.0,60000,9537500,4266500.0,2.0,3 BHK
2024.0,Madinat Hind 4,0.0,30000.0,18006,140000,380000.0,8.0,Studio
2024.0,Madinat Hind 4,1.0,42000.0,28000,61806,670000.0,6.0,1 BHK
2024.0,Madinat Hind 4,2.0,73500.0,22260,100000,973000.0,8.0,2 BHK
2024.0,Marsa Dubai,0.0,64000.0,5000,145000,1075000.0,6.0,Studio
2024.0,Marsa Dubai,1.0,90000.0,1,654545,1710000.0,5.0,1 BHK
2024.0,Marsa Dubai,2.0,132000.0,50,1050000,2625000.0,5.0,2 BHK
2024.0,Marsa Dubai,3.0,185000.0,1,1300000,3550000.0,5.0,3 BHK
2024.0,Marsa Dubai,4.0,260000.0,12000,1825000,5650000.0,5.0,4 BHK
2024.0,Me'Aisem First,0.0,32000.0,10000,55000000,600000.0,5.0,Studio
2024.0,Me'Aisem First,1.0,48000.0,24000,5241000,770000.0,6.0,1 BHK
2024.0,Me'Aisem First,2.0,72000.0,7697,4000000,1146529.0,6.0,2 BHK
2024.0,Me'Aisem First,3.0,704440.0,40000,4000000,1918438.0,37.0,3 BHK
2024.0,Me'Aisem First,4.0,420000.0,100000,800000,3473600.0,12.0,4 BHK
2024.0,Mirdif,0.0,38850.0,30000,75000,578072.0,7.0,Studio
2024.0,Mirdif,1.0,49500.0,5000,3264661,1283104.0,4.0,1 BHK
2024.0,Mirdif,2.0,68000.0,0,3264661,1700500.0,4.0,2 BHK
2024.0,Mirdif,3.0,98000.0,10000,3264661,2444750.5,4.0,3 BHK
2024.0,Mirdif,4.0,120000.0,0,280000,3564951.0,3.0,4 BHK
2024.0,Muhaisanah First,1.0,70000.0,15000,270000,1061680.0,7.0,1 BHK
2024.0,Muhaisanah First,2.0,112500.0,50000,140000,1730000.0,7.0,2 BHK
2024.0,Muhaisanah First,3.0,142500.0,40000,270000,2053015.0,7.0,3 BHK
2024.0,Nad Al Hamar,1.0,45000.0,32000,350000,824000.0,5.0,1 BHK
2024.0,Nad Al Hamar,2.0,63800.0,20328,110000,1365000.0,5.0,2 BHK
2024.0,Nad Al Shiba First,1.0,74361.5,5000,150000,954600.0,8.0,1 BHK
2024.0,Nad Al Shiba First,2.0,110000.0,5000,300000,1475000.0,7.0,2 BHK
2024.0,Nad Al Shiba First,3.0,147000.0,115000,300000,3795070.0,4.0,3 BHK
2024.0,Nad Al Shiba First,4.0,290000.0,75000,525000,10277533.0,3.0,4 BHK
2024.0,Nadd Hessa,0.0,35000.0,6000,860860,404818.0,9.0,Studio
2024.0,Nadd Hessa,1.0,46000.0,2000,860860,658600.0,7.0,1 BHK
2024.0,Nadd Hessa,2.0,66150.0,27692,2590000,1189505.5,6.0,2 BHK
2024.0,Nadd Hessa,3.0,128000.0,69000,3796000,1600000.0,8.0,3 BHK
2024.0,Palm Jumeirah,0.0,87250.0,10000,5000000,1370000.0,6.0,Studio
2024.0,Palm Jumeirah,1.0,140000.0,25300,375000,2400000.0,6.0,1 BHK
2024.0,Palm Jumeirah,2.0,195000.0,170,1950000,3635800.0,5.0,2 BHK
2024.0,Palm Jumeirah,3.0,263250.0,10000,3000000,5150000.0,5.0,3 BHK
2024.0,Palm Jumeirah,4.0,777839.0,10000,4400000,22700000.0,3.0,4 BHK
2024.0,Ras Al Khor Industrial First,1.0,50500.0,43000,415500,1574469.5,3.0,1 BHK
2024.0,Ras Al Khor Industrial First,2.0,60000.0,60000,60000,2341999.0,3.0,2 BHK
2024.0,Rega Al Buteen,2.0,90000.0,60375,4500000,1125000.0,8.0,2 BHK
2024.0,Rega Al Buteen,3.0,105999.5,10000,4500000,1414400.0,7.0,3 BHK
2024.0,Saih Shuaib 2,0.0,31950.0,19600,580150,423560.0,8.0,Studio
2024.0,Saih Shuaib 2,1.0,40000.0,10000,860000,752610.0,5.0,1 BHK
2024.0,Saih Shuaib 2,2.0,65000.0,33000,910000,460558.5,14.0,2 BHK
2024.0,Trade Center Second,1.0,73000.0,17000,145000,1550000.0,5.0,1 BHK
2024.0,Trade Center Second,2.0,94875.0,60000,370000,2400000.0,4.0,2 BHK
2024.0,Trade Center Second,3.0,115739.0,70000,370000,4150000.0,3.0,3 BHK
2024.0,Trade Center Second,4.0,244750.5,180000,600000,4388125.0,6.0,4 BHK
2024.0,Um Hurair Second,0.0,75000.0,60000,110000,832000.0,9.0,Studio
2024.0,Um Suqaim Third,1.0,125000.0,5000,300000,2400000.0,5.0,1 BHK
2024.0,Um Suqaim Third,2.0,185000.0,36000,1200000,3540000.0,5.0,2 BHK
2024.0,Um Suqaim Third,3.0,197482.0,2000,802337,6392000.0,3.0,3 BHK
2024.0,Um Suqaim Third,4.0,222239.0,79000,1000000,9700000.0,2.0,4 BHK
2024.0,Wadi Al Safa 2,0.0,35000.0,5880,55200,500650.0,7.0,Studio
2024.0,Wadi Al Safa 2,1.0,42447.5,12000,80000,720018.0,6.0,1 BHK
2024.0,Wadi Al Safa 2,2.0,61000.0,8500,1157625,1090800.0,6.0,2 BHK
2024.0,Wadi Al Safa 2,3.0,95000.0,1200,270000,905644.0,10.0,3 BHK
2024.0,Wadi Al Safa 3,0.0,32000.0,14000,90000,679000.0,5.0,Studio
2024.0,Wadi Al Safa 3,1.0,49500.0,20350,350000,935032.0,5.0,1 BHK
2024.0,Wadi Al Safa 3,2.0,75000.0,10000,16275000,1270000.0,6.0,2 BHK
2024.0,Wadi Al Safa 3,3.0,170000.0,45150,16275000,1734125.5,10.0,3 BHK
2024.0,Wadi Al Safa 3,4.0,180000.0,16667,1500000,2400000.0,8.0,4 BHK
2024.0,Wadi Al Safa 4,1.0,43000.0,40000,60000,1263000.0,3.0,1 BHK
2024.0,Wadi Al Safa 4,2.0,75000.0,45000,80000,2223000.0,3.0,2 BHK
2024.0,Wadi Al Safa 5,0.0,33500.0,15000,73500,599000.0,6.0,Studio
2024.0,Wadi Al Safa 5,1.0,44103.0,10000,801435,867710.0,5.0,1 BHK
2024.0,Wadi Al Safa 5,2.0,57200.0,25500,801435,1019617.0,6.0,2 BHK
2024.0,Wadi Al Safa 5,3.0,145000.0,200,288000,1412487.0,10.0,3 BHK
2024.0,Wadi Al Safa 7,0.0,40000.0,20000,63000,363265.0,11.0,Studio
2024.0,Wadi Al Safa 7,1.0,65000.0,40000,102000,481554.0,13.0,1 BHK
2024.0,Wadi Al Safa 7,2.0,95000.0,29260,250000,1055100.0,9.0,2 BHK
2024.0,Wadi Al Safa 7,3.0,155000.0,1000,285000,1246950.0,12.0,3 BHK
2024.0,Warsan Fourth,0.0,31000.0,5000,1980000,385000.0,8.0,Studio
2024.0,Warsan Fourth,1.0,41000.0,4500,1980000,590000.0,7.0,1 BHK
2024.0,Warsan Fourth,2.0,55000.0,10000,121165,799360.0,7.0,2 BHK
2024.0,Warsan Fourth,3.0,75250.0,15000,100270,2500332.5,3.0,3 BHK
2024.0,Zaabeel First,1.0,332500.0,180000,525000,2132370.0,16.0,1 BHK
2024.0,Zaabeel First,2.0,550000.0,36000,2800000,3511888.0,16.0,2 BHK
2024.0,Zaabeel First,3.0,1260000.0,82000,1800000,4660388.0,27.0,3 BHK
2024.0,Zaabeel Second,1.0,115000.0,74000,165000,1900000.0,6.0,1 BHK
2024.0,Zaabeel Second,2.0,170000.0,80750,271459,2850000.0,6.0,2 BHK
2024.0,Zaabeel Second,3.0,270000.0,220000,574000,4550000.0,6.0,3 BHK
2024.0,Zaabeel Second,4.0,470000.0,400000,670000,7500000.0,6.0,4 BHK
2023.0,Al Barsha First,0.0,36300.0,15000,236600,600000.0,6.0,Studio
2023.0,Al Barsha First,1.0,51000.0,1000,224250,860000.0,6.0,1 BHK
2023.0,Al Barsha First,2.0,74000.0,1,4340000,1066028.0,7.0,2 BHK
2023.0,Al Barsha South Fifth,0.0,32000.0,1,132000,620000.0,5.0,Studio
2023.0,Al Barsha South Fifth,1.0,50000.0,1,160000,883722.0,6.0,1 BHK
2023.0,Al Barsha South Fifth,2.0,100000.0,1,1150000,1515762.0,7.0,2 BHK
2023.0,Al Barsha South Fifth,3.0,135000.0,50000,330000,2403000.0,6.0,3 BHK
2023.0,Al Barsha South Fourth,0.0,37000.0,10000,8000000,550896.0,7.0,Studio
2023.0,Al Barsha South Fourth,1.0,50400.0,8000,4185000,800000.0,6.0,1 BHK
2023.0,Al Barsha South Fourth,2.0,75000.0,1,8000000,1215000.0,6.0,2 BHK
2023.0,Al Barsha South Fourth,3.0,115000.0,33733,220000,1500178.0,8.0,3 BHK
2023.0,Al Barsha South Fourth,4.0,145000.0,40252,350000,2175000.0,7.0,4 BHK
2023.0,Al Barshaa South Second,0.0,35000.0,3600,60000,577000.0,6.0,Studio
2023.0,Al Barshaa South Second,1.0,48825.0,27676,250000,767497.0,6.0,1 BHK
2023.0,Al Barshaa South Second,2.0,65181.0,47000,126000,1231440.0,5.0,2 BHK
2023.0,Al Barshaa South Second,3.0,170000.0,73000,250000,2750000.0,6.0,3 BHK
2023.0,Al Barshaa South Third,0.0,35000.0,2000,2520000,537700.0,7.0,Studio
2023.0,Al Barshaa South Third,1.0,48400.0,17000,2520000,854000.0,6.0,1 BHK
2023.0,Al Barshaa South Third,2.0,69000.0,9978,2520000,1286338.5,5.0,2 BHK
2023.0,Al Barshaa South Third,3.0,94862.0,62370,545000,1654347.0,6.0,3 BHK
2023.0,Al Goze Fourth,0.0,37000.0,3000,1377000,385000.0,10.0,Studio
2023.0,Al Goze Fourth,1.0,45000.0,24700,3220800,600000.0,8.0,1 BHK
2023.0,Al Goze Fourth,2.0,53550.0,5000,3220800,865000.0,6.0,2 BHK
2023.0,Al Goze Fourth,3.0,69449.5,35000,150000,1365000.0,5.0,3 BHK
2023.0,Al Goze Fourth,4.0,155000.0,70000,240000,1945249.0,8.0,4 BHK
2023.0,Al Hebiah Fifth,0.0,1288104.0,18000,3864311,325000.0,396.0,Studio
2023.0,Al Hebiah Fifth,1.0,44000.0,28000,3864311,435000.0,10.0,1 BHK
2023.0,Al Hebiah Fifth,2.0,60167.0,22771,3864311,700000.0,9.0,2 BHK
2023.0,Al Hebiah Fifth,3.0,85368.0,58200,135000,1100000.0,8.0,3 BHK
2023.0,Al Hebiah First,0.0,36300.0,28000,64000,510888.0,7.0,Studio
2023.0,Al Hebiah First,1.0,53000.0,30000,120000,699888.0,8.0,1 BHK
2023.0,Al Hebiah First,2.0,84000.0,20000,130000,1100000.0,8.0,2 BHK
2023.0,Al Hebiah First,3.0,120564.5,68414,370000,1550000.0,8.0,3 BHK
2023.0,Al Hebiah First,4.0,231250.0,124000,426885,2000000.0,12.0,4 BHK
2023.0,Al Hebiah Fourth,0.0,30082.5,12000,66000,370000.0,8.0,Studio
2023.0,Al Hebiah Fourth,1.0,43000.0,5000,3300037950,516000.0,8.0,1 BHK
2023.0,Al Hebiah Fourth,2.0,61215.0,5000,350000,760000.0,8.0,2 BHK
2023.0,Al Hebiah Fourth,3.0,165000.0,20000,250049,1575000.0,10.0,3 BHK
2023.0,Al Hebiah Second,0.0,35000.0,23000,64940,510000.0,7.0,Studio
2023.0,Al Hebiah Second,1.0,51861.0,10000,80000,740000.0,7.0,1 BHK
2023.0,Al Hebiah Second,2.0,75000.0,50000,130000,990000.0,8.0,2 BHK
2023.0,Al Hebiah Second,3.0,82000.0,70000,150000,1100000.0,7.0,3 BHK
2023.0,Al Hebiah Sixth,1.0,48000.0,40000,110250,750000.0,6.0,1 BHK
2023.0,Al Hebiah Sixth,2.0,94750.0,43125,150000,1309000.0,7.0,2 BHK
2023.0,Al Hebiah Third,0.0,34650.0,15000,125000,510000.0,7.0,Studio
2023.0,Al Hebiah Third,1.0,55000.0,7000,108000,858000.0,6.0,1 BHK
2023.0,Al Hebiah Third,2.0,95000.0,23333,230000,1475000.0,6.0,2 BHK
2023.0,Al Hebiah Third,3.0,156915.5,38000,350000,2032600.0,8.0,3 BHK
2023.0,Al Jadaf,0.0,44000.0,10000,75000,640000.0,7.0,Studio
2023.0,Al Jadaf,1.0,55000.0,1000,180000,969888.0,6.0,1 BHK
2023.0,Al Jadaf,2.0,71400.0,10000,300000,1846414.0,4.0,2 BHK
2023.0,Al Jadaf,3.0,110000.0,47408,750000,1803125.0,6.0,3 BHK
2023.0,Al Jadaf,4.0,245000.0,121000,350000,14000000.0,2.0,4 BHK
2023.0,Al Khairan First,1.0,80000.0,5000,220000,1412888.0,6.0,1 BHK
2023.0,Al Khairan First,2.0,120000.0,10000,480000,2300000.0,5.0,2 BHK
2023.0,Al Khairan First,3.0,175000.0,60000,500000,3497377.0,5.0,3 BHK
2023.0,Al Khairan First,4.0,322500.0,60000,775000,6333888.0,5.0,4 BHK
2023.0,Al Kheeran,0.0,26507.5,23000,58000,646800.0,4.0,Studio
2023.0,Al Kheeran,1.0,35001.5,19380,120334,1290000.0,3.0,1 BHK
2023.0,Al Kheeran,2.0,117600.0,30000,170000,1800000.0,7.0,2 BHK
2023.0,Al Kheeran,3.0,165375.0,120000,300000,2450000.0,7.0,3 BHK
2023.0,Al Kheeran,4.0,230000.0,100000,475000,3600000.0,6.0,4 BHK
2023.0,Al Kifaf,1.0,95000.0,30000,135000,1394152.0,7.0,1 BHK
2023.0,Al Kifaf,2.0,140000.0,30000,200000,2173440.0,6.0,2 BHK
2023.0,Al Kifaf,3.0,165000.0,10000,200000,3650000.0,5.0,3 BHK
2023.0,Al Merkadh,0.0,43000.0,30000,67000,552000.0,8.0,Studio
2023.0,Al Merkadh,1.0,70000.0,9972,149198,1285203.0,5.0,1 BHK
2023.0,Al Merkadh,2.0,110000.0,15000,330000,2283930.0,5.0,2 BHK
2023.0,Al Merkadh,3.0,172500.0,100000,305000,2999331.0,6.0,3 BHK
2023.0,Al Merkadh,4.0,750000.0,50000,1100000,4355622.0,17.0,4 BHK
2023.0,Al Qusais Industrial Fourth,1.0,35000.0,25000,52000,400000.0,9.0,1 BHK
2023.0,Al Safouh First,0.0,45000.0,32000,98000,535000.0,8.0,Studio
2023.0,Al Safouh First,1.0,63000.0,38000,155000,880000.0,7.0,1 BHK
2023.0,Al Safouh First,2.0,82000.0,58000,170000,1260000.0,7.0,2 BHK
2023.0,Al Safouh First,3.0,157000.0,107525,230000,10600000.0,1.0,3 BHK
2023.0,Al Safouh Second,1.0,71663.0,58080,160000,2600000.0,3.0,1 BHK
2023.0,Al Safouh Second,2.0,115500.0,77000,210000,3396175.0,3.0,2 BHK
2023.0,Al Safouh Second,3.0,157500.0,115500,3987500,5858634.0,3.0,3 BHK
2023.0,Al Safouh Second,4.0,183750.0,130000,3987500,15812170.0,1.0,4 BHK
2023.0,Al Thanyah Fifth,0.0,47000.0,20000,84000,670000.0,7.0,Studio
2023.0,Al Thanyah Fifth,1.0,65000.0,5,540000,1350000.0,5.0,1 BHK
2023.0,Al Thanyah Fifth,2.0,95000.0,5000,320000,1805000.0,5.0,2 BHK
2023.0,Al Thanyah Fifth,3.0,170000.0,10000,720000,1918400.0,9.0,3 BHK
2023.0,Al Thanyah Fifth,4.0,292807.0,50000,1600000,2060000.0,14.0,4 BHK
2023.0,Al Thanyah First,0.0,44000.0,25000,504900,562500.0,8.0,Studio
2023.0,Al Thanyah First,1.0,53000.0,19000,990000,920000.0,6.0,1 BHK
2023.0,Al Thanyah First,2.0,73430.0,4000,990000,1095000.0,7.0,2 BHK
2023.0,Al Thanyah First,3.0,99750.0,55100,264000,1600000.0,6.0,3 BHK
2023.0,Al Thanyah Third,0.0,49200.0,24000,80000,600000.0,8.0,Studio
2023.0,Al Thanyah Third,1.0,73000.0,5000,252000,960000.0,8.0,1 BHK
2023.0,Al Thanyah Third,2.0,120000.0,37500,1600102,1650000.0,7.0,2 BHK
2023.0,Al Thanyah Third,3.0,180000.0,333,440000,2362500.0,8.0,3 BHK
2023.0,Al Thanyah Third,4.0,300000.0,143738,535500,2320000.0,13.0,4 BHK
2023.0,Al Warsan First,0.0,22500.0,1667,5595500,245000.0,9.0,Studio
2023.0,Al Warsan First,1.0,32394.0,3600,6510000,350000.0,9.0,1 BHK
2023.0,Al Warsan First,2.0,47250.0,10000,1822608,715000.0,7.0,2 BHK
2023.0,Al Warsan First,3.0,88000.0,10000,150000,1400000.0,6.0,3 BHK
2023.0,Al Wasl,1.0,110554.5,12750,195000,1925000.0,6.0,1 BHK
2023.0,Al Wasl,2.0,110000.0,39931,330000,3350573.0,3.0,2 BHK
2023.0,Al Wasl,3.0,184900.0,1000,2145000,5098500.0,4.0,3 BHK
2023.0,Al Wasl,4.0,189000.0,40000,2145000,10220000.0,2.0,4 BHK
2023.0,Al Yelayiss 2,0.0,30000.0,21850,72000,475888.0,6.0,Studio
2023.0,Al Yelayiss 2,1.0,40000.0,12000,321090,635888.0,6.0,1 BHK
2023.0,Al Yelayiss 2,2.0,58000.0,33000,321090,985388.0,6.0,2 BHK
2023.0,Al Yelayiss 2,3.0,108000.0,1000,175000,1353388.0,8.0,3 BHK
2023.0,Al Yelayiss 2,4.0,130000.0,60000,200000,1894485.0,7.0,4 BHK
2023.0,Burj Khalifa,0.0,65000.0,30000,350000,1181583.5,6.0,Studio
2023.0,Burj Khalifa,1.0,100000.0,4986,1013599,1750000.0,6.0,1 BHK
2023.0,Burj Khalifa,2.0,155000.0,1000,1000000,2753500.0,6.0,2 BHK
2023.0,Burj Khalifa,3.0,235000.0,1,750000,4335000.0,5.0,3 BHK
2023.0,Burj Khalifa,4.0,678500.0,202125,2500000,11478125.0,6.0,4 BHK
2023.0,Business Bay,0.0,57000.0,5000,151649,1048600.0,5.0,Studio
2023.0,Business Bay,1.0,72000.0,25,1081000,1412000.0,5.0,1 BHK
2023.0,Business Bay,2.0,100000.0,2497,43402500,2118576.0,5.0,2 BHK
2023.0,Business Bay,3.0,165000.0,60000,43402500,3714480.0,4.0,3 BHK
2023.0,Business Bay,4.0,230000.0,125000,1500000,6650000.0,3.0,4 BHK
2023.0,Dubai Investment Park First,0.0,93045.0,4990,9160000,383000.0,24.0,Studio
2023.0,Dubai Investment Park First,1.0,60000.0,1000,9160000,650000.0,9.0,1 BHK
2023.0,Dubai Investment Park First,2.0,63000.0,20000,9160000,1237500.0,5.0,2 BHK
2023.0,Dubai Investment Park First,3.0,152926.0,30000,310000,1725000.0,9.0,3 BHK
2023.0,Dubai Investment Park First,4.0,250000.0,150000,700000,2025000.0,12.0,4 BHK
2023.0,Dubai Investment Park Second,0.0,26250.0,4800,5000000,245000.0,11.0,Studio
2023.0,Dubai Investment Park Second,1.0,41000.0,5820,5000000,395000.0,10.0,1 BHK
2023.0,Dubai Investment Park Second,2.0,60000.0,38500,5000000,637500.0,9.0,2 BHK
2023.0,Dubai Investment Park Second,3.0,5000000.0,75000,5000000,1073750.0,466.0,3 BHK
2023.0,Hadaeq Sheikh Mohammed Bin Rashid,0.0,43500.0,35000,70000,730000.0,6.0,Studio
2023.0,Hadaeq Sheikh Mohammed Bin Rashid,1.0,73700.0,16000,971931,1395388.0,5.0,1 BHK
2023.0,Hadaeq Sheikh Mohammed Bin Rashid,2.0,120000.0,50000,225000,2168888.0,6.0,2 BHK
2023.0,Hadaeq Sheikh Mohammed Bin Rashid,3.0,210000.0,3,600000,3504888.0,6.0,3 BHK
2023.0,Hadaeq Sheikh Mohammed Bin Rashid,4.0,250000.0,1000,1500000,3600000.0,7.0,4 BHK
2023.0,Hessyan First,0.0,28463.0,20000,61000,230000.0,12.0,Studio
2023.0,Hessyan First,1.0,35241.5,6667,48000,370000.0,10.0,1 BHK
2023.0,Hessyan First,2.0,51250.0,33000,64500,475000.0,11.0,2 BHK
2023.0,Hessyan First,3.0,81000.0,47500,280000,705000.0,11.0,3 BHK
2023.0,Island 2,1.0,750000.0,320000,780000,10900000.0,7.0,1 BHK
2023.0,Island 2,2.0,750000.0,200000,2884830,14220000.0,5.0,2 BHK
2023.0,Island 2,3.0,925000.0,10000,3000000,31500000.0,3.0,3 BHK
2023.0,Island 2,4.0,2500000.0,2500000,2500000,71850000.0,3.0,4 BHK
2023.0,Jabal Ali First,0.0,33000.0,4845,2736741,470000.0,7.0,Studio
2023.0,Jabal Ali First,1.0,48000.0,10500,2736741,858010.5,6.0,1 BHK
2023.0,Jabal Ali First,2.0,68250.0,27894,750000,1077940.5,6.0,2 BHK
2023.0,Jabal Ali First,3.0,105000.0,12000,2076189,1440000.0,7.0,3 BHK
2023.0,Jabal Ali Industrial Second,0.0,36000.0,22000,50000,433510.0,8.0,Studio
2023.0,Jabal Ali Industrial Second,1.0,42000.0,22000,65000,417500.0,10.0,1 BHK
2023.0,Jabal Ali Industrial Second,2.0,60000.0,45000,85000,899515.0,7.0,2 BHK
2023.0,Jabal Ali Industrial Second,3.0,73500.0,63000,100000,950000.0,8.0,3 BHK
2023.0,Jumeirah First,1.0,72000.0,19943,400000,2050000.0,4.0,1 BHK
2023.0,Jumeirah First,2.0,99199.5,20000,290000,3250000.0,3.0,2 BHK
2023.0,Jumeirah First,3.0,160000.0,10000,1534000,7100000.0,2.0,3 BHK
2023.0,Jumeirah First,4.0,197000.0,6000,1534000,11250000.0,2.0,4 BHK
2023.0,Jumeirah Second,3.0,155000.0,90000,2310000,31997500.0,0.0,3 BHK
2023.0,Jumeirah Second,4.0,200000.0,75000,2800000,57350000.0,0.0,4 BHK
2023.0,Madinat Al Mataar,0.0,28000.0,5667,1500000,335000.0,8.0,Studio
2023.0,Madinat Al Mataar,1.0,37000.0,10,1550000,616315.0,6.0,1 BHK
2023.0,Madinat Al Mataar,2.0,55000.0,23377,1500000,1163388.0,5.0,2 BHK
2023.0,Madinat Al Mataar,3.0,85000.0,52000,1500000,1580000.0,5.0,3 BHK
2023.0,Madinat Al Mataar,4.0,125000.0,90000,220000,3197888.0,4.0,4 BHK
2023.0,Madinat Dubai Almelaheyah,0.0,50000.0,44100,60000,828119.0,6.0,Studio
2023.0,Madinat Dubai Almelaheyah,1.0,54000.0,26775,190000,1543888.0,3.0,1 BHK
2023.0,Madinat Dubai Almelaheyah,2.0,71000.0,36923,150000,2346888.0,3.0,2 BHK
2023.0,Madinat Dubai Almelaheyah,3.0,105000.0,60000,255000,3192888.0,3.0,3 BHK
2023.0,Madinat Hind 4,0.0,27000.0,6667,60000,340500.0,8.0,Studio
2023.0,Madinat Hind 4,1.0,36250.0,26000,55000,547820.0,7.0,1 BHK
2023.0,Madinat Hind 4,2.0,63750.0,24000,90000,751720.0,8.0,2 BHK
2023.0,Marsa Dubai,0.0,55000.0,5000,150000,800000.0,7.0,Studio
2023.0,Marsa Dubai,1.0,80000.0,10,450000,2200000.0,4.0,1 BHK
2023.0,Marsa Dubai,2.0,120000.0,50,105038319,3000000.0,4.0,2 BHK
2023.0,Marsa Dubai,3.0,165000.0,1,3000000,4754774.0,3.0,3 BHK
2023.0,Marsa Dubai,4.0,225000.0,50,1500000,7850000.0,3.0,4 BHK
2023.0,Me'Aisem First,0.0,26000.0,8780,870750,310000.0,8.0,Studio
2023.0,Me'Aisem First,1.0,40000.0,6673,3740040,624763.5,6.0,1 BHK
2023.0,Me'Aisem First,2.0,60000.0,10000,5550000,1090337.5,6.0,2 BHK
2023.0,Me'Aisem First,3.0,155000.0,30000,5550000,1883835.5,8.0,3 BHK
2023.0,Me'Aisem First,4.0,365000.0,100000,650000,3180000.0,11.0,4 BHK
2023.0,Mirdif,0.0,36855.0,21000,400000,460000.0,8.0,Studio
2023.0,Mirdif,1.0,46920.0,13333,3111537,1265758.0,4.0,1 BHK
2023.0,Mirdif,2.0,65000.0,0,3111537,1606791.0,4.0,2 BHK
2023.0,Mirdif,3.0,90000.0,17000,3111537,2115539.0,4.0,3 BHK
2023.0,Mirdif,4.0,110000.0,12000,400000,3648713.0,3.0,4 BHK
2023.0,Muhaisanah First,1.0,60000.0,5000,95000,1206178.0,5.0,1 BHK
2023.0,Muhaisanah First,2.0,90000.0,50000,135000,1781596.0,5.0,2 BHK
2023.0,Muhaisanah First,3.0,132500.0,24000,175000,2925000.0,5.0,3 BHK
2023.0,Nad Al Shiba First,1.0,65000.0,35000,300000,974160.0,7.0,1 BHK
2023.0,Nad Al Shiba First,2.0,100000.0,40000,190000,1577500.0,6.0,2 BHK
2023.0,Nad Al Shiba First,3.0,129000.0,100000,275000,2883200.0,4.0,3 BHK
2023.0,Nad Al Shiba First,4.0,250000.0,25000,600000,4000000.0,6.0,4 BHK
2023.0,Nadd Hessa,0.0,30250.0,1000,3704000,370000.0,8.0,Studio
2023.0,Nadd Hessa,1.0,42000.0,1000,16000000,471238.0,9.0,1 BHK
2023.0,Nadd Hessa,2.0,65000.0,10000,16000000,870000.0,7.0,2 BHK
2023.0,Nadd Hessa,3.0,110000.0,5455,3704000,1375000.0,8.0,3 BHK
2023.0,Palm Jumeirah,0.0,85000.0,7000,5000000,1287500.0,7.0,Studio
2023.0,Palm Jumeirah,1.0,130000.0,39964,15000000,2550000.0,5.0,1 BHK
2023.0,Palm Jumeirah,2.0,167737.5,10000,1200000,3272400.0,5.0,2 BHK
2023.0,Palm Jumeirah,3.0,216939.0,50000,5000000,5000000.0,4.0,3 BHK
2023.0,Palm Jumeirah,4.0,600000.0,200,4800000,27800000.0,2.0,4 BHK
2023.0,Rega Al Buteen,1.0,85000.0,31000,4500000,651000.0,13.0,1 BHK
2023.0,Rega Al Buteen,2.0,77000.0,52500,4500000,1050000.0,7.0,2 BHK
2023.0,Saih Shuaib 2,0.0,29000.0,10000,569100,413764.0,7.0,Studio
2023.0,Saih Shuaib 2,1.0,35000.0,15081,572000,295000.0,12.0,1 BHK
2023.0,Saih Shuaib 2,2.0,50547.5,33000,572000,502560.0,10.0,2 BHK
2023.0,Trade Center Second,1.0,68000.0,39996,135000,1175000.0,6.0,1 BHK
2023.0,Trade Center Second,2.0,89959.0,10000,530100,2050000.0,4.0,2 BHK
2023.0,Trade Center Second,3.0,105000.0,12,340000,3400000.0,3.0,3 BHK
2023.0,Trade Center Second,4.0,241500.0,178500,601617,4600000.0,5.0,4 BHK
2023.0,Um Hurair Second,0.0,70000.0,70000,70000,848571.0,8.0,Studio
2023.0,Um Hurair Second,1.0,56925.0,32000,145391,1471750.0,4.0,1 BHK
2023.0,Um Suqaim Third,1.0,125000.0,5000,294209,1942000.0,6.0,1 BHK
2023.0,Um Suqaim Third,2.0,184875.0,220,360000,2957000.0,6.0,2 BHK
2023.0,Um Suqaim Third,3.0,181500.0,60000,795000,5994500.0,3.0,3 BHK
2023.0,Um Suqaim Third,4.0,200000.0,120000,900000,9342000.0,2.0,4 BHK
2023.0,Wadi Al Safa 2,0.0,31000.0,22000,54000,365000.0,8.0,Studio
2023.0,Wadi Al Safa 2,1.0,36750.0,12000,68000,385000.0,10.0,1 BHK
2023.0,Wadi Al Safa 2,2.0,55000.0,10000,1102500,580000.0,9.0,2 BHK
2023.0,Wadi Al Safa 2,3.0,87000.0,10000,240000,900000.0,10.0,3 BHK
2023.0,Wadi Al Safa 3,0.0,28875.0,18000,95000,440000.0,7.0,Studio
2023.0,Wadi Al Safa 3,1.0,43000.0,1,301003,680000.0,6.0,1 BHK
2023.0,Wadi Al Safa 3,2.0,69000.0,1,16275000,990000.0,7.0,2 BHK
2023.0,Wadi Al Safa 3,3.0,251275.0,30000,16275000,1250000.0,20.0,3 BHK
2023.0,Wadi Al Safa 3,4.0,1300000.0,55000,4810000,5592563.5,23.0,4 BHK
2023.0,Wadi Al Safa 4,1.0,35500.0,32211,39000,676500.0,5.0,1 BHK
2023.0,Wadi Al Safa 4,2.0,48000.0,45000,53000,765000.0,6.0,2 BHK
2023.0,Wadi Al Safa 5,0.0,27600.0,12000,124309,404318.5,7.0,Studio
2023.0,Wadi Al Safa 5,1.0,38100.0,10000,3809846,610799.5,6.0,1 BHK
2023.0,Wadi Al Safa 5,2.0,50000.0,10000,3809846,807520.0,6.0,2 BHK
2023.0,Wadi Al Safa 5,3.0,130000.0,1000,259200,1100759.0,12.0,3 BHK
2023.0,Wadi Al Safa 7,0.0,42000.0,38000,48000,354450.0,12.0,Studio
2023.0,Wadi Al Safa 7,1.0,57200.0,48000,80000,481554.5,12.0,1 BHK
2023.0,Wadi Al Safa 7,2.0,85000.0,60000,140000,836413.0,10.0,2 BHK
2023.0,Wadi Al Safa 7,3.0,136500.0,8500,285000,1259100.0,11.0,3 BHK
2023.0,Warsan Fourth,0.0,26355.0,5000,1800000,307250.0,9.0,Studio
2023.0,Warsan Fourth,1.0,36000.0,5000,1800000,506000.0,7.0,1 BHK
2023.0,Warsan Fourth,2.0,50000.0,10000,1139200,622450.0,8.0,2 BHK
2023.0,Zaabeel Second,1.0,110000.0,85000,177377,1984500.0,6.0,1 BHK
2023.0,Zaabeel Second,2.0,160000.0,15000,330000,2900000.0,6.0,2 BHK
2023.0,Zaabeel Second,3.0,260000.0,205000,500000,4230000.0,6.0,3 BHK
2023.0,Zaabeel Second,4.0,660000.0,660000,660000,6212468.0,11.0,4 BHK
2022.0,Al Barsha First,0.0,32000.0,15000,1300000,530191.0,6.0,Studio
2022.0,Al Barsha First,1.0,45000.0,10000,2295020,850000.0,5.0,1 BHK
2022.0,Al Barsha First,2.0,68399.0,27039,3780000,931000.0,7.0,2 BHK
2022.0,Al Barsha South Fifth,0.0,26520.0,1,65000,330000.0,8.0,Studio
2022.0,Al Barsha South Fifth,1.0,42000.0,1,116500,745534.0,6.0,1 BHK
2022.0,Al Barsha South Fifth,2.0,80500.0,1,200000,1240840.0,6.0,2 BHK
2022.0,Al Barsha South Fifth,3.0,125000.0,75000,190000,1793515.0,7.0,3 BHK
2022.0,Al Barsha South Fourth,0.0,30000.0,1,2040000,440000.0,7.0,Studio
2022.0,Al Barsha South Fourth,1.0,44000.0,1,996000,678400.0,6.0,1 BHK
2022.0,Al Barsha South Fourth,2.0,66000.0,1,200000,1028000.0,6.0,2 BHK
2022.0,Al Barsha South Fourth,3.0,99000.0,5000,216582,1109179.5,9.0,3 BHK
2022.0,Al Barsha South Fourth,4.0,120000.0,35000,200000,1367424.0,9.0,4 BHK
2022.0,Al Barshaa South Second,0.0,28000.0,22000,55000,380000.0,7.0,Studio
2022.0,Al Barshaa South Second,1.0,42000.0,31500,378000,594390.5,7.0,1 BHK
2022.0,Al Barshaa South Second,2.0,64525.0,27000,100000,892500.0,7.0,2 BHK
2022.0,Al Barshaa South Third,0.0,30000.0,1,60000,438000.0,7.0,Studio
2022.0,Al Barshaa South Third,1.0,44000.0,1,545000,670320.0,7.0,1 BHK
2022.0,Al Barshaa South Third,2.0,62000.0,1,545000,967000.0,6.0,2 BHK
2022.0,Al Barshaa South Third,3.0,85000.0,40000,545000,1597326.0,5.0,3 BHK
2022.0,Al Goze Fourth,0.0,30000.0,10000,792000,340000.0,9.0,Studio
2022.0,Al Goze Fourth,1.0,42000.0,14211,2851200,539180.0,8.0,1 BHK
2022.0,Al Goze Fourth,2.0,51000.0,5000,2851200,836280.0,6.0,2 BHK
2022.0,Al Goze Fourth,3.0,67500.0,35000,150000,1150000.0,6.0,3 BHK
2022.0,Al Hebiah Fifth,0.0,26450.0,18000,2513703,280000.0,9.0,Studio
2022.0,Al Hebiah Fifth,1.0,39600.0,19350,4029873,410000.0,10.0,1 BHK
2022.0,Al Hebiah Fifth,2.0,56000.0,10000,4029873,837500.0,7.0,2 BHK
2022.0,Al Hebiah Fifth,3.0,80000.0,64900,4029873,935000.0,9.0,3 BHK
2022.0,Al Hebiah First,0.0,34500.0,6383,553000,408000.0,8.0,Studio
2022.0,Al Hebiah First,1.0,45000.0,16804,553000,573965.0,8.0,1 BHK
2022.0,Al Hebiah First,2.0,76000.0,18466,120976,1025000.0,7.0,2 BHK
2022.0,Al Hebiah First,3.0,115000.0,60000,275000,1627079.5,7.0,3 BHK
2022.0,Al Hebiah First,4.0,180000.0,116677,425000,1792000.0,10.0,4 BHK
2022.0,Al Hebiah Fourth,0.0,26000.0,10648,250000,305000.0,9.0,Studio
2022.0,Al Hebiah Fourth,1.0,36800.0,2000,71333,420000.0,9.0,1 BHK
2022.0,Al Hebiah Fourth,2.0,55000.0,70,120000,650000.0,8.0,2 BHK
2022.0,Al Hebiah Fourth,3.0,90000.0,58000,230000,1009000.0,9.0,3 BHK
2022.0,Al Hebiah Fourth,4.0,165000.0,99000,625000,832712.5,20.0,4 BHK
2022.0,Al Hebiah Second,0.0,30500.0,21000,54000,475000.0,6.0,Studio
2022.0,Al Hebiah Second,1.0,53000.0,6200,80000,580000.0,9.0,1 BHK
2022.0,Al Hebiah Second,2.0,65000.0,43000,115000,775000.0,8.0,2 BHK
2022.0,Al Hebiah Second,3.0,77000.0,63000,150000,776250.0,10.0,3 BHK
2022.0,Al Hebiah Sixth,1.0,42000.0,33999,110250,940000.0,4.0,1 BHK
2022.0,Al Hebiah Sixth,2.0,82750.0,63000,144000,1676000.0,5.0,2 BHK
2022.0,Al Hebiah Sixth,3.0,117216.0,77741,255000,1833500.0,6.0,3 BHK
2022.0,Al Hebiah Third,0.0,29000.0,20000,55000,508000.0,6.0,Studio
2022.0,Al Hebiah Third,1.0,50000.0,19500,96000,779000.0,6.0,1 BHK
2022.0,Al Hebiah Third,2.0,85997.5,37500,140000,1369500.0,6.0,2 BHK
2022.0,Al Hebiah Third,3.0,130000.0,30000,350000,2063800.0,6.0,3 BHK
2022.0,Al Jadaf,0.0,39000.0,16000,75000,533062.5,7.0,Studio
2022.0,Al Jadaf,1.0,48000.0,2250,162750,750000.0,6.0,1 BHK
2022.0,Al Jadaf,2.0,66437.5,10000,275000,1030164.0,6.0,2 BHK
2022.0,Al Jadaf,3.0,102000.0,45000,750000,1450000.0,7.0,3 BHK
2022.0,Al Jadaf,4.0,212500.0,110000,1000000,5000500.0,4.0,4 BHK
2022.0,Al Khairan First,1.0,65000.0,35000,125000,1249388.0,5.0,1 BHK
2022.0,Al Khairan First,2.0,95000.0,35000,200000,1904888.0,5.0,2 BHK
2022.0,Al Khairan First,3.0,145000.0,50000,260000,3181888.0,5.0,3 BHK
2022.0,Al Khairan First,4.0,235000.0,60000,300000,5180170.0,5.0,4 BHK
2022.0,Al Kheeran,1.0,35000.0,19375,90000,1299500.0,3.0,1 BHK
2022.0,Al Kheeran,2.0,101000.0,50000,150000,1800000.0,6.0,2 BHK
2022.0,Al Kheeran,3.0,158500.0,60000,320000,2950000.0,5.0,3 BHK
2022.0,Al Kheeran,4.0,225000.0,180000,236250,4129000.0,5.0,4 BHK
2022.0,Al Kifaf,1.0,83000.0,62000,110000,1550277.0,5.0,1 BHK
2022.0,Al Kifaf,2.0,110000.0,76650,170000,2245183.0,5.0,2 BHK
2022.0,Al Kifaf,3.0,151860.0,126000,190000,3214777.0,5.0,3 BHK
2022.0,Al Kifaf,4.0,270000.0,270000,270000,10395628.5,3.0,4 BHK
2022.0,Al Merkadh,0.0,41000.0,24866,60000,547560.0,7.0,Studio
2022.0,Al Merkadh,1.0,63500.0,25000,149598,1112292.0,6.0,1 BHK
2022.0,Al Merkadh,2.0,90000.0,50000,150000,2000828.0,4.0,2 BHK
2022.0,Al Merkadh,3.0,152500.0,110000,200000,2621176.0,6.0,3 BHK
2022.0,Al Merkadh,4.0,431918.0,15000,1300000,6555800.0,7.0,4 BHK
2022.0,Al Qusais Industrial Fourth,1.0,32000.0,21000,51000,375100.0,9.0,1 BHK
2022.0,Al Qusais Industrial Fourth,2.0,42000.0,28000,57000,750000.0,6.0,2 BHK
2022.0,Al Safouh First,1.0,58300.0,34000,100000,870000.0,7.0,1 BHK
2022.0,Al Safouh First,2.0,73500.0,50000,125000,1160000.0,6.0,2 BHK
2022.0,Al Safouh First,3.0,157000.0,105000,219999,1900000.0,8.0,3 BHK
2022.0,Al Safouh Second,1.0,64000.0,55200,150000,2100500.0,3.0,1 BHK
2022.0,Al Safouh Second,2.0,110000.0,70000,175000,3324000.0,3.0,2 BHK
2022.0,Al Safouh Second,3.0,148500.0,109000,3987500,13567115.0,1.0,3 BHK
2022.0,Al Safouh Second,4.0,181875.0,110000,3987500,15036984.0,1.0,4 BHK
2022.0,Al Thanyah Fifth,0.0,38500.0,16200,1200000,460000.0,8.0,Studio
2022.0,Al Thanyah Fifth,1.0,57000.0,45,500000,817777.0,7.0,1 BHK
2022.0,Al Thanyah Fifth,2.0,82500.0,10000,300000,1390793.5,6.0,2 BHK
2022.0,Al Thanyah Fifth,3.0,155000.0,2000,720000,1574995.0,10.0,3 BHK
2022.0,Al Thanyah Fifth,4.0,230000.0,50000,1400000,4069000.0,6.0,4 BHK
2022.0,Al Thanyah First,0.0,44000.0,27000,3000000,537500.0,8.0,Studio
2022.0,Al Thanyah First,1.0,48000.0,20000,3000000,600000.0,8.0,1 BHK
2022.0,Al Thanyah First,2.0,66000.0,4000,3000000,920000.0,7.0,2 BHK
2022.0,Al Thanyah First,3.0,94500.0,38000,1216000,1327500.0,7.0,3 BHK
2022.0,Al Thanyah Third,0.0,40250.0,30000,66000,560000.0,7.0,Studio
2022.0,Al Thanyah Third,1.0,62000.0,6800,240000,860589.0,7.0,1 BHK
2022.0,Al Thanyah Third,2.0,104500.0,12000,270000,1488000.0,7.0,2 BHK
2022.0,Al Thanyah Third,3.0,157750.0,10000,400000,2800000.0,6.0,3 BHK
2022.0,Al Thanyah Third,4.0,277725.0,130000,725000,5270330.0,5.0,4 BHK
2022.0,Al Warsan First,0.0,20125.0,1667,1735800,215000.0,9.0,Studio
2022.0,Al Warsan First,1.0,30000.0,247,1735800,315000.0,10.0,1 BHK
2022.0,Al Warsan First,2.0,43000.0,15000,1735800,544160.0,8.0,2 BHK
2022.0,Al Warsan First,3.0,82500.0,14000,191000,1100000.0,8.0,3 BHK
2022.0,Al Wasl,1.0,110000.0,29948,240000,1626240.0,7.0,1 BHK
2022.0,Al Wasl,2.0,117500.0,39907,280000,2902076.0,4.0,2 BHK
2022.0,Al Wasl,3.0,170000.0,65000,2145000,4290249.0,4.0,3 BHK
2022.0,Al Wasl,4.0,180000.0,50000,2145000,8418500.0,2.0,4 BHK
2022.0,Al Yelayiss 2,0.0,25000.0,10000,48000,330000.0,8.0,Studio
2022.0,Al Yelayiss 2,1.0,35000.0,12000,305800,500000.0,7.0,1 BHK
2022.0,Al Yelayiss 2,2.0,50000.0,6667,305800,717651.0,7.0,2 BHK
2022.0,Al Yelayiss 2,3.0,93700.0,5455,9150750,1053000.0,9.0,3 BHK
2022.0,Burj Khalifa,0.0,55000.0,23500,140000,954550.0,6.0,Studio
2022.0,Burj Khalifa,1.0,84000.0,8000,319828,1627888.0,5.0,1 BHK
2022.0,Burj Khalifa,2.0,126000.0,8,800000,2750000.0,5.0,2 BHK
2022.0,Burj Khalifa,3.0,200000.0,5000,800000,4249170.0,5.0,3 BHK
2022.0,Burj Khalifa,4.0,365000.0,1000,41590000,7711500.0,5.0,4 BHK
2022.0,Business Bay,0.0,47300.0,21600,150000,809000.0,6.0,Studio
2022.0,Business Bay,1.0,65000.0,100,800000,1214308.0,5.0,1 BHK
2022.0,Business Bay,2.0,92000.0,7584,800000,1895452.5,5.0,2 BHK
2022.0,Business Bay,3.0,127050.0,40000,250000,3240000.0,4.0,3 BHK
2022.0,Business Bay,4.0,212000.0,100000,2000000,9053794.0,2.0,4 BHK
2022.0,Dubai Investment Park First,0.0,80687.0,6462,2442242,330000.0,24.0,Studio
2022.0,Dubai Investment Park First,1.0,600000.0,6462,2442242,600500.0,100.0,1 BHK
2022.0,Dubai Investment Park First,2.0,56000.0,20000,2442242,1040000.0,5.0,2 BHK
2022.0,Dubai Investment Park First,3.0,148842.0,40000,250000,1795356.5,8.0,3 BHK
2022.0,Dubai Investment Park First,4.0,190000.0,30000,390000,2128152.0,9.0,4 BHK
2022.0,Dubai Investment Park Second,0.0,24000.0,4800,5700000,240000.0,10.0,Studio
2022.0,Dubai Investment Park Second,1.0,81480.0,5805,5700000,400000.0,20.0,1 BHK
2022.0,Dubai Investment Park Second,2.0,55000.5,27000,5700000,610000.0,9.0,2 BHK
2022.0,Dubai Investment Park Second,3.0,5700000.0,70000,5700000,1181000.0,483.0,3 BHK
2022.0,Hadaeq Sheikh Mohammed Bin Rashid,0.0,40000.0,36000,65000,631500.0,6.0,Studio
2022.0,Hadaeq Sheikh Mohammed Bin Rashid,1.0,60000.0,36000,200000,1136888.0,5.0,1 BHK
2022.0,Hadaeq Sheikh Mohammed Bin Rashid,2.0,90000.0,44000,220000,1613888.0,6.0,2 BHK
2022.0,Hadaeq Sheikh Mohammed Bin Rashid,3.0,165000.0,40000,450000,2681888.0,6.0,3 BHK
2022.0,Hadaeq Sheikh Mohammed Bin Rashid,4.0,180000.0,1000,1300000,4649990.0,4.0,4 BHK
2022.0,Hessyan First,0.0,24575.0,20000,239143,240000.0,10.0,Studio
2022.0,Hessyan First,1.0,29792.0,25000,39500,350000.0,9.0,1 BHK
2022.0,Hessyan First,2.0,42350.0,20000,64500,430000.0,10.0,2 BHK
2022.0,Hessyan First,3.0,72000.0,31625,162000,610368.0,12.0,3 BHK
2022.0,Island 2,1.0,460000.0,280000,750000,7400000.0,6.0,1 BHK
2022.0,Island 2,2.0,595600.0,420000,850000,14500000.0,4.0,2 BHK
2022.0,Island 2,3.0,912500.0,650000,1575000,23000000.0,4.0,3 BHK
2022.0,Jabal Ali First,0.0,28000.0,1,2641850,458072.0,6.0,Studio
2022.0,Jabal Ali First,1.0,42000.0,1,2641850,730000.0,6.0,1 BHK
2022.0,Jabal Ali First,2.0,60500.0,5000,1728000,960000.0,6.0,2 BHK
2022.0,Jabal Ali First,3.0,97450.0,25000,471414,1150498.5,8.0,3 BHK
2022.0,Jabal Ali Industrial Second,0.0,30000.0,19800,48000,429000.0,7.0,Studio
2022.0,Jabal Ali Industrial Second,1.0,34000.0,20000,50000,580000.0,6.0,1 BHK
2022.0,Jabal Ali Industrial Second,2.0,50000.0,34000,75600,696488.5,7.0,2 BHK
2022.0,Jabal Ali Industrial Second,3.0,60000.0,50000,75000,1632000.0,4.0,3 BHK
2022.0,Jumeirah First,1.0,60000.0,24000,350000,1833500.0,3.0,1 BHK
2022.0,Jumeirah First,2.0,93000.0,20000,230000,2900000.0,3.0,2 BHK
2022.0,Jumeirah First,3.0,157500.0,35000,1534000,6026000.0,3.0,3 BHK
2022.0,Jumeirah First,4.0,185000.0,6000,1534000,9233000.0,2.0,4 BHK
2022.0,Jumeirah Second,2.0,90000.0,85000,110000,13373000.0,1.0,2 BHK
2022.0,Jumeirah Second,3.0,155000.0,1,2310000,18237822.5,1.0,3 BHK
2022.0,Jumeirah Second,4.0,181000.0,35000,800000,22903885.0,1.0,4 BHK
2022.0,Madinat Al Mataar,0.0,22000.0,1,57000,306370.0,7.0,Studio
2022.0,Madinat Al Mataar,1.0,30000.0,1,1100000,465000.0,6.0,1 BHK
2022.0,Madinat Al Mataar,2.0,44000.0,25000,158769,755200.0,6.0,2 BHK
2022.0,Madinat Al Mataar,3.0,68000.0,52000,200000,1117647.0,6.0,3 BHK
2022.0,Madinat Al Mataar,4.0,145000.0,60500,190000,1750000.0,8.0,4 BHK
2022.0,Madinat Dubai Almelaheyah,0.0,45000.0,15000,47000,800000.0,6.0,Studio
2022.0,Madinat Dubai Almelaheyah,1.0,52000.0,12639,190000,1375000.0,4.0,1 BHK
2022.0,Madinat Dubai Almelaheyah,2.0,70000.0,15333,130000,1899944.0,4.0,2 BHK
2022.0,Madinat Dubai Almelaheyah,3.0,101000.0,48500,235000,3497888.0,3.0,3 BHK
2022.0,Madinat Hind 4,0.0,22000.0,18000,35000,337000.0,7.0,Studio
2022.0,Madinat Hind 4,1.0,32000.0,24000,40000,443000.0,7.0,1 BHK
2022.0,Madinat Hind 4,2.0,57500.0,37000,75000,740000.0,8.0,2 BHK
2022.0,Marsa Dubai,0.0,46000.0,10000,130000,750000.0,6.0,Studio
2022.0,Marsa Dubai,1.0,70000.0,10,841895,1526400.0,5.0,1 BHK
2022.0,Marsa Dubai,2.0,100000.0,200,1050000,2500000.0,4.0,2 BHK
2022.0,Marsa Dubai,3.0,141750.0,1000,1250000,3901931.0,4.0,3 BHK
2022.0,Marsa Dubai,4.0,190000.0,20000,1825000,6893388.0,3.0,4 BHK
2022.0,Me'Aisem First,0.0,22000.0,10000,350000,235000.0,9.0,Studio
2022.0,Me'Aisem First,1.0,34500.0,12500,1192000,761747.0,5.0,1 BHK
2022.0,Me'Aisem First,2.0,49000.0,20000,2763260,1015000.0,5.0,2 BHK
2022.0,Me'Aisem First,3.0,130000.0,29000,2763260,1745000.0,7.0,3 BHK
2022.0,Me'Aisem First,4.0,307500.0,50000,600000,2614000.0,12.0,4 BHK
2022.0,Mirdif,0.0,35000.0,20000,60000,674961.5,5.0,Studio
2022.0,Mirdif,1.0,44000.0,23500,2850261,1141248.0,4.0,1 BHK
2022.0,Mirdif,2.0,59000.0,0,2850261,1557349.0,4.0,2 BHK
2022.0,Mirdif,3.0,85000.0,17480,2850261,2042937.0,4.0,3 BHK
2022.0,Mirdif,4.0,100000.0,5000,527723,3229047.0,3.0,4 BHK
2022.0,Muhaisanah First,1.0,54000.0,20000,70000,1090800.0,5.0,1 BHK
2022.0,Muhaisanah First,2.0,80850.0,60000,110000,1653518.0,5.0,2 BHK
2022.0,Muhaisanah First,3.0,125000.0,65000,270000,2376800.0,5.0,3 BHK
2022.0,Nad Al Shiba,1.0,50000.0,50000,50000,410000.0,12.0,1 BHK
2022.0,Nad Al Shiba First,1.0,55000.0,25000,96000,810000.0,7.0,1 BHK
2022.0,Nad Al Shiba First,2.0,93500.0,40000,186000,1437060.5,7.0,2 BHK
2022.0,Nad Al Shiba First,3.0,130000.0,87288,229383,2225400.0,6.0,3 BHK
2022.0,Nadd Hessa,0.0,26500.0,2500,3104040,335000.0,8.0,Studio
2022.0,Nadd Hessa,1.0,36800.0,10000,3104040,425000.0,9.0,1 BHK
2022.0,Nadd Hessa,2.0,58000.0,20000,3104040,750000.0,8.0,2 BHK
2022.0,Nadd Hessa,3.0,97000.0,10000,210000,1417760.0,7.0,3 BHK
2022.0,Palm Jumeirah,0.0,70000.0,44000,5000000,1200000.0,6.0,Studio
2022.0,Palm Jumeirah,1.0,110000.0,5000,275000,2947000.0,4.0,1 BHK
2022.0,Palm Jumeirah,2.0,140000.0,15000,1000000,4000000.0,4.0,2 BHK
2022.0,Palm Jumeirah,3.0,180000.0,25000,2700000,6472000.0,3.0,3 BHK
2022.0,Palm Jumeirah,4.0,422955.5,1000,3000000,15500000.0,3.0,4 BHK
2022.0,Rega Al Buteen,1.0,68004.0,15000,550000,595200.0,11.0,1 BHK
2022.0,Rega Al Buteen,2.0,70000.0,31500,120000,975000.0,7.0,2 BHK
2022.0,Rega Al Buteen,3.0,100000.0,25000,145000,1232500.0,8.0,3 BHK
2022.0,Rega Al Buteen,4.0,138100.0,95000,200004,1750000.0,8.0,4 BHK
2022.0,Trade Center Second,1.0,63000.0,39996,120000,900000.0,7.0,1 BHK
2022.0,Trade Center Second,2.0,85000.0,5869,320000,2075000.0,4.0,2 BHK
2022.0,Trade Center Second,3.0,100000.0,60000,533667,3000000.0,3.0,3 BHK
2022.0,Trade Center Second,4.0,190000.0,170000,385000,4650000.0,4.0,4 BHK
2022.0,Um Hurair Second,0.0,36000.0,36000,36000,705000.0,5.0,Studio
2022.0,Um Hurair Second,1.0,51750.0,17333,71500,930000.0,6.0,1 BHK
2022.0,Um Hurair Second,2.0,75000.0,15308,180000,1855000.0,4.0,2 BHK
2022.0,Um Hurair Second,3.0,138000.0,75000,280000,2280000.0,6.0,3 BHK
2022.0,Um Suqaim Third,1.0,112500.0,5000,180000,1554000.0,7.0,1 BHK
2022.0,Um Suqaim Third,2.0,200000.0,30000,275000,2543000.0,8.0,2 BHK
2022.0,Um Suqaim Third,3.0,160000.0,100000,550000,4299000.0,4.0,3 BHK
2022.0,Um Suqaim Third,4.0,183750.0,55000,800000,8765500.0,2.0,4 BHK
2022.0,Wadi Al Safa 2,0.0,25000.0,20000,32000,333500.0,7.0,Studio
2022.0,Wadi Al Safa 2,1.0,32000.0,10000,58000,319734.0,10.0,1 BHK
2022.0,Wadi Al Safa 2,2.0,49000.0,30000,1050000,510000.0,10.0,2 BHK
2022.0,Wadi Al Safa 2,3.0,78462.0,20000,190000,710000.0,11.0,3 BHK
2022.0,Wadi Al Safa 3,0.0,25300.0,18000,100000,450000.0,6.0,Studio
2022.0,Wadi Al Safa 3,1.0,38000.0,4200,561000,828660.0,5.0,1 BHK
2022.0,Wadi Al Safa 3,2.0,55000.0,30000,561000,1100000.0,5.0,2 BHK
2022.0,Wadi Al Safa 3,3.0,74500.0,56000,16275000,1100000.0,7.0,3 BHK
2022.0,Wadi Al Safa 3,4.0,130000.0,55000,1000000,1751000.0,7.0,4 BHK
2022.0,Wadi Al Safa 5,0.0,23000.0,10000,50000,319000.0,7.0,Studio
2022.0,Wadi Al Safa 5,1.0,34000.0,1,5866667,488172.5,7.0,1 BHK
2022.0,Wadi Al Safa 5,2.0,45000.0,1,3788423,560000.0,8.0,2 BHK
2022.0,Wadi Al Safa 5,3.0,95000.0,40000,195000,975000.0,10.0,3 BHK
2022.0,Wadi Al Safa 7,0.0,40000.0,40000,44000,303538.5,13.0,Studio
2022.0,Wadi Al Safa 7,1.0,52000.0,48000,65000,518110.0,10.0,1 BHK
2022.0,Wadi Al Safa 7,2.0,79420.0,45000,140000,650000.0,12.0,2 BHK
2022.0,Wadi Al Safa 7,3.0,120000.0,13000,825000,547878.5,22.0,3 BHK
2022.0,Warsan Fourth,0.0,23000.0,1,3000000,267750.0,9.0,Studio
2022.0,Warsan Fourth,1.0,33000.0,1,3000000,379440.0,9.0,1 BHK
2022.0,Warsan Fourth,2.0,46483.0,10000,3000000,524002.0,9.0,2 BHK
2022.0,Warsan Fourth,3.0,66500.0,15000,900000,695745.0,10.0,3 BHK
2022.0,Zaabeel Second,1.0,100000.0,80000,160000,1441600.0,7.0,1 BHK
2022.0,Zaabeel Second,2.0,155000.0,70000,210000,2339244.0,7.0,2 BHK
2022.0,Zaabeel Second,3.0,240000.0,195000,295000,3671888.0,7.0,3 BHK
2021.0,Al Barsha First,2.0,65000.0,6,3780000,1361000.0,5.0,2 BHK
2021.0,Al Barsha South Fifth,0.0,23000.0,17000,45000,501203.0,5.0,Studio
2021.0,Al Barsha South Fifth,1.0,42000.0,15000,100000,665769.0,6.0,1 BHK
2021.0,Al Barsha South Fifth,2.0,100000.0,10000,170000,695000.0,14.0,2 BHK
2021.0,Al Barsha South Fifth,3.0,112625.0,65000,190000,1360000.0,8.0,3 BHK
2021.0,Al Barsha South Fourth,0.0,26000.0,5000,6022500,397105.0,7.0,Studio
2021.0,Al Barsha South Fourth,1.0,40000.0,10000,6022500,606720.0,7.0,1 BHK
2021.0,Al Barsha South Fourth,2.0,60000.0,3333,6022500,835000.0,7.0,2 BHK
2021.0,Al Barsha South Fourth,3.0,90000.0,30000,6022500,1200000.0,8.0,3 BHK
2021.0,Al Barsha South Fourth,4.0,110000.0,34476,225000,1646963.0,7.0,4 BHK
2021.0,Al Barshaa South Second,0.0,23968.0,19978,42000,512184.0,5.0,Studio
2021.0,Al Barshaa South Second,1.0,37000.0,15000,180000,730240.0,5.0,1 BHK
2021.0,Al Barshaa South Second,2.0,57500.0,45000,95000,1168163.0,5.0,2 BHK
2021.0,Al Barshaa South Third,0.0,27000.0,10267,396000,359953.0,8.0,Studio
2021.0,Al Barshaa South Third,1.0,41500.0,1,1657174,628075.0,7.0,1 BHK
2021.0,Al Barshaa South Third,2.0,60000.0,10000,1657174,1022848.0,6.0,2 BHK
2021.0,Al Barshaa South Third,3.0,85000.0,85,1657174,800000.0,11.0,3 BHK
2021.0,Al Goze Fourth,0.0,28000.0,15000,229500,346636.0,8.0,Studio
2021.0,Al Goze Fourth,1.0,40000.0,21600,3100000,558000.0,7.0,1 BHK
2021.0,Al Goze Fourth,2.0,50000.0,5000,3100000,693500.0,7.0,2 BHK
2021.0,Al Goze Fourth,3.0,67500.0,39315,150000,1060000.0,6.0,3 BHK
2021.0,Al Goze Fourth,4.0,140000.0,70000,200000,1500000.0,9.0,4 BHK
2021.0,Al Hebiah Fifth,0.0,2513703.0,18000,4023852,233785.5,1075.0,Studio
2021.0,Al Hebiah Fifth,1.0,36000.0,22000,4023852,350000.0,10.0,1 BHK
2021.0,Al Hebiah Fifth,2.0,55000.0,10000,4023852,550000.0,10.0,2 BHK
2021.0,Al Hebiah Fifth,3.0,72406.5,50000,95611,832500.0,9.0,3 BHK
2021.0,Al Hebiah First,0.0,30000.0,24000,75928,387500.0,8.0,Studio
2021.0,Al Hebiah First,1.0,43000.0,18000,110000,542500.0,8.0,1 BHK
2021.0,Al Hebiah First,2.0,70000.0,1,133300,907500.0,8.0,2 BHK
2021.0,Al Hebiah First,3.0,105000.0,1,242000,1376983.0,8.0,3 BHK
2021.0,Al Hebiah First,4.0,156250.0,1,280000,1791273.0,9.0,4 BHK
2021.0,Al Hebiah Fourth,0.0,22000.0,12000,310000,300000.0,7.0,Studio
2021.0,Al Hebiah Fourth,1.0,33000.0,3200,78000,443300.0,7.0,1 BHK
2021.0,Al Hebiah Fourth,2.0,49011.5,24000,620000,650000.0,8.0,2 BHK
2021.0,Al Hebiah Fourth,3.0,85000.0,38333,230000,850000.0,10.0,3 BHK
2021.0,Al Hebiah Second,0.0,28000.0,20000,50000,399000.0,7.0,Studio
2021.0,Al Hebiah Second,1.0,55000.0,30000,80000,500000.0,11.0,1 BHK
2021.0,Al Hebiah Second,2.0,60000.0,24933,115000,785881.5,8.0,2 BHK
2021.0,Al Hebiah Second,3.0,70000.0,55000,150000,782500.0,9.0,3 BHK
2021.0,Al Hebiah Sixth,1.0,36100.0,31620,105000,630000.0,6.0,1 BHK
2021.0,Al Hebiah Sixth,2.0,75000.0,60000,140000,1394000.0,5.0,2 BHK
2021.0,Al Hebiah Sixth,3.0,105000.0,69231,229000,1914000.0,5.0,3 BHK
2021.0,Al Hebiah Third,0.0,28000.0,20000,45000,506000.0,6.0,Studio
2021.0,Al Hebiah Third,1.0,48000.0,22000,100000,740000.0,6.0,1 BHK
2021.0,Al Hebiah Third,2.0,83000.0,38000,125000,1330000.0,6.0,2 BHK
2021.0,Al Hebiah Third,3.0,112000.0,36000,230000,1647000.0,7.0,3 BHK
2021.0,Al Jadaf,0.0,34000.0,1000,60000,530125.0,6.0,Studio
2021.0,Al Jadaf,1.0,44000.0,5000,703636,611060.5,7.0,1 BHK
2021.0,Al Jadaf,2.0,64000.0,15000,300000,850000.0,8.0,2 BHK
2021.0,Al Jadaf,3.0,98500.0,45000,400000,1404227.0,7.0,3 BHK
2021.0,Al Jadaf,4.0,140000.0,1000,600000,6100000.0,2.0,4 BHK
2021.0,Al Khairan First,1.0,54500.0,6,140000,954444.0,6.0,1 BHK
2021.0,Al Khairan First,2.0,85000.0,40000,150000,1878388.0,5.0,2 BHK
2021.0,Al Khairan First,3.0,125000.0,50000,230000,3088888.0,4.0,3 BHK
2021.0,Al Khairan First,4.0,190000.0,100000,205000,4859388.0,4.0,4 BHK
2021.0,Al Kheeran,1.0,38000.0,15000,90000,1450000.0,3.0,1 BHK
2021.0,Al Kheeran,2.0,100000.0,30000,156426,1987500.0,5.0,2 BHK
2021.0,Al Kheeran,3.0,147500.5,28299,218232,2200000.0,7.0,3 BHK
2021.0,Al Kheeran,4.0,180000.0,120000,230620,3225000.0,6.0,4 BHK
2021.0,Al Kifaf,1.0,65500.0,60000,90000,852000.0,8.0,1 BHK
2021.0,Al Kifaf,2.0,90000.0,50000,126000,1440000.0,6.0,2 BHK
2021.0,Al Kifaf,3.0,135000.0,120000,160000,2134282.5,6.0,3 BHK
2021.0,Al Merkadh,0.0,34000.0,27692,50000,531439.5,6.0,Studio
2021.0,Al Merkadh,1.0,56000.0,35000,85229,975000.0,6.0,1 BHK
2021.0,Al Merkadh,2.0,85000.0,60000,140000,1603892.0,5.0,2 BHK
2021.0,Al Merkadh,3.0,140000.0,110000,400000,2449983.0,6.0,3 BHK
2021.0,Al Merkadh,4.0,400000.0,30000,1000000,7801515.0,5.0,4 BHK
2021.0,Al Qusais Industrial Fourth,1.0,32000.0,24000,42000,337500.0,9.0,1 BHK
2021.0,Al Safouh First,0.0,35000.0,27000,110400,378365.0,9.0,Studio
2021.0,Al Safouh First,1.0,50000.0,30000,92000,606288.0,8.0,1 BHK
2021.0,Al Safouh First,2.0,70000.0,50000,103000,797407.0,9.0,2 BHK
2021.0,Al Safouh First,3.0,150000.0,75000,195000,1806002.0,8.0,3 BHK
2021.0,Al Safouh Second,1.0,60000.0,19945,130000,2042280.0,3.0,1 BHK
2021.0,Al Safouh Second,2.0,100000.0,30000,199732,3052000.0,3.0,2 BHK
2021.0,Al Safouh Second,3.0,135000.0,105000,3987500,3744020.0,4.0,3 BHK
2021.0,Al Safouh Second,4.0,161538.0,79750,3987500,15740000.0,1.0,4 BHK
2021.0,Al Thanyah Fifth,0.0,32000.0,4500,78000,414636.0,8.0,Studio
2021.0,Al Thanyah Fifth,1.0,48000.0,2000,331794,769866.0,6.0,1 BHK
2021.0,Al Thanyah Fifth,2.0,72000.0,18000,984706,1091837.0,7.0,2 BHK
2021.0,Al Thanyah Fifth,3.0,145000.0,30000,430000,1533537.0,9.0,3 BHK
2021.0,Al Thanyah Fifth,4.0,200000.0,65000,450000,5909757.5,3.0,4 BHK
2021.0,Al Thanyah First,0.0,35000.0,25000,50400,1060000.0,3.0,Studio
2021.0,Al Thanyah First,1.0,42000.0,24000,950000,910805.0,5.0,1 BHK
2021.0,Al Thanyah First,2.0,60000.0,10000,950000,870000.0,7.0,2 BHK
2021.0,Al Thanyah First,3.0,86985.0,38000,636000,1050000.0,8.0,3 BHK
2021.0,Al Thanyah Third,0.0,35000.0,15000,60000,502500.0,7.0,Studio
2021.0,Al Thanyah Third,1.0,55000.0,10000,280000,730700.0,8.0,1 BHK
2021.0,Al Thanyah Third,2.0,92000.0,22000,1200000,1286250.0,7.0,2 BHK
2021.0,Al Thanyah Third,3.0,145000.0,10000,350000,1750000.0,8.0,3 BHK
2021.0,Al Thanyah Third,4.0,250000.0,100000,550000,2150000.0,12.0,4 BHK
2021.0,Al Warsan First,0.0,17500.0,1000,1578000,208000.0,8.0,Studio
2021.0,Al Warsan First,1.0,26000.0,24,8000000,307500.0,8.0,1 BHK
2021.0,Al Warsan First,2.0,38500.0,10000,1578000,700000.0,6.0,2 BHK
2021.0,Al Warsan First,3.0,78750.0,34000,110000,1000000.0,8.0,3 BHK
2021.0,Al Wasl,1.0,100000.0,32571,453338,1474000.0,7.0,1 BHK
2021.0,Al Wasl,2.0,123525.0,6,453338,2458500.0,5.0,2 BHK
2021.0,Al Wasl,3.0,170000.0,45000,2145000,3434000.0,5.0,3 BHK
2021.0,Al Wasl,4.0,170000.0,12,3008280,5642000.0,3.0,4 BHK
2021.0,Al Yelayiss 2,0.0,21000.0,18000,50000,452888.0,5.0,Studio
2021.0,Al Yelayiss 2,1.0,30000.0,12000,278000,600388.0,5.0,1 BHK
2021.0,Al Yelayiss 2,2.0,45000.0,13333,278000,765000.0,6.0,2 BHK
2021.0,Al Yelayiss 2,3.0,85000.0,1000,958065,1255888.0,7.0,3 BHK
2021.0,Al Yelayiss 2,4.0,105000.0,5000,148000,1400888.0,7.0,4 BHK
2021.0,Burj Khalifa,0.0,45000.0,28000,110000,850000.0,5.0,Studio
2021.0,Burj Khalifa,1.0,72000.0,5384,225000,1152250.0,6.0,1 BHK
2021.0,Burj Khalifa,2.0,110000.0,10000,550000,2102444.0,5.0,2 BHK
2021.0,Burj Khalifa,3.0,170000.0,1,440000,3585000.0,5.0,3 BHK
2021.0,Burj Khalifa,4.0,425000.0,150000,900000,11071944.0,4.0,4 BHK
2021.0,Business Bay,0.0,40000.0,13412,108000,652100.0,6.0,Studio
2021.0,Business Bay,1.0,56890.5,9973,756000,1021938.0,6.0,1 BHK
2021.0,Business Bay,2.0,84000.0,10000,2625000,1767051.0,5.0,2 BHK
2021.0,Business Bay,3.0,120000.0,25000,600000,2668854.5,4.0,3 BHK
2021.0,Business Bay,4.0,195008.0,100000,500000,2681585.0,7.0,4 BHK
2021.0,Dubai Investment Park First,0.0,185674.0,6600,1986207,332590.0,56.0,Studio
2021.0,Dubai Investment Park First,1.0,45000.0,6480,9000000,547534.5,8.0,1 BHK
2021.0,Dubai Investment Park First,2.0,51600.0,10000,9000000,1250000.0,4.0,2 BHK
2021.0,Dubai Investment Park First,3.0,141750.0,47000,580000,2538843.0,6.0,3 BHK
2021.0,Dubai Investment Park First,4.0,170000.0,30000,240000,1825000.0,9.0,4 BHK
2021.0,Dubai Investment Park Second,0.0,22000.0,3614,5000000,230000.0,10.0,Studio
2021.0,Dubai Investment Park Second,1.0,45000.0,5013,5000000,450000.0,10.0,1 BHK
2021.0,Dubai Investment Park Second,2.0,54000.0,22000,5000000,594690.0,9.0,2 BHK
2021.0,Dubai Investment Park Second,3.0,5000000.0,62000,5000000,1095000.0,457.0,3 BHK
2021.0,Hadaeq Sheikh Mohammed Bin Rashid,0.0,39000.0,38000,40000,480000.0,8.0,Studio
2021.0,Hadaeq Sheikh Mohammed Bin Rashid,1.0,55000.0,30000,137000,814980.0,7.0,1 BHK
2021.0,Hadaeq Sheikh Mohammed Bin Rashid,2.0,83000.0,16800,180000,1514194.0,5.0,2 BHK
2021.0,Hadaeq Sheikh Mohammed Bin Rashid,3.0,130000.0,45000,285000,2220000.0,6.0,3 BHK
2021.0,Hadaeq Sheikh Mohammed Bin Rashid,4.0,140000.0,15000,385000,5374485.0,3.0,4 BHK
2021.0,Hessyan First,0.0,21000.0,17500,29000,270000.0,8.0,Studio
2021.0,Hessyan First,1.0,26500.0,14663,57405,297500.0,9.0,1 BHK
2021.0,Hessyan First,2.0,38656.5,20000,65000,434000.0,9.0,2 BHK
2021.0,Hessyan First,3.0,60149.0,6500,135000,455000.0,13.0,3 BHK
2021.0,Island 2,1.0,350000.0,260000,500000,5900000.0,6.0,1 BHK
2021.0,Island 2,2.0,475000.0,199464,750000,8585000.0,6.0,2 BHK
2021.0,Island 2,3.0,650000.0,500000,1125000,15000000.0,4.0,3 BHK
2021.0,Island 2,4.0,1450000.0,1450000,1450000,33000000.0,4.0,4 BHK
2021.0,Jabal Ali First,0.0,25000.0,5000,6600000,383440.5,7.0,Studio
2021.0,Jabal Ali First,1.0,38000.0,1000,6600000,637000.0,6.0,1 BHK
2021.0,Jabal Ali First,2.0,55000.0,20333,277524,850000.0,6.0,2 BHK
2021.0,Jabal Ali First,3.0,92500.0,105,857793,1072500.0,9.0,3 BHK
2021.0,Jabal Ali Industrial Second,0.0,24000.0,19500,45000,375000.0,6.0,Studio
2021.0,Jabal Ali Industrial Second,1.0,32000.0,22000,45000,535000.0,6.0,1 BHK
2021.0,Jabal Ali Industrial Second,2.0,44500.0,34000,120000,500000.0,9.0,2 BHK
2021.0,Jabal Ali Industrial Second,3.0,55000.0,47000,68000,954200.0,6.0,3 BHK
2021.0,Jumeirah First,1.0,54000.0,24000,210000,1491000.0,4.0,1 BHK
2021.0,Jumeirah First,2.0,70000.0,10000,200000,2225500.0,3.0,2 BHK
2021.0,Jumeirah First,3.0,145000.0,25000,500000,4400000.0,3.0,3 BHK
2021.0,Jumeirah First,4.0,180000.0,25000,900000,7250000.0,2.0,4 BHK
2021.0,Jumeirah Second,2.0,89105.5,85000,100008,11954250.0,1.0,2 BHK
2021.0,Jumeirah Second,3.0,155000.0,80000,2310000,15894270.0,1.0,3 BHK
2021.0,Jumeirah Second,4.0,165000.0,80000,760320,25415179.5,1.0,4 BHK
2021.0,Madinat Al Mataar,0.0,20000.0,11912,1600000,293500.0,7.0,Studio
2021.0,Madinat Al Mataar,1.0,28000.0,19000,1600000,377530.0,7.0,1 BHK
2021.0,Madinat Al Mataar,2.0,40000.0,19814,150000,750000.0,5.0,2 BHK
2021.0,Madinat Al Mataar,3.0,60000.0,25000,200000,975000.0,6.0,3 BHK
2021.0,Madinat Al Mataar,4.0,115000.0,85000,130000,1143861.5,10.0,4 BHK
2021.0,Madinat Dubai Almelaheyah,1.0,50000.0,12639,190000,991388.0,5.0,1 BHK
2021.0,Madinat Hind 4,2.0,55000.0,50000,66000,805000.0,7.0,2 BHK
2021.0,Marsa Dubai,0.0,40000.0,10000,128334,669216.0,6.0,Studio
2021.0,Marsa Dubai,1.0,60000.0,10000,820000,1400000.0,4.0,1 BHK
2021.0,Marsa Dubai,2.0,85000.0,1,450000,2228245.0,4.0,2 BHK
2021.0,Marsa Dubai,3.0,125000.0,1,30000000,3290000.0,4.0,3 BHK
2021.0,Marsa Dubai,4.0,162000.0,10000,1400000,4851870.0,3.0,4 BHK
2021.0,Me'Aisem First,0.0,19000.0,26,3877084,250196.5,8.0,Studio
2021.0,Me'Aisem First,1.0,31000.0,10000,3877084,663186.0,5.0,1 BHK
2021.0,Me'Aisem First,2.0,45000.0,22000,3877084,987680.5,5.0,2 BHK
2021.0,Me'Aisem First,3.0,92500.0,27000,3877084,1406400.0,7.0,3 BHK
2021.0,Me'Aisem First,4.0,270000.0,75000,653000,2496380.0,11.0,4 BHK
2021.0,Mirdif,0.0,35000.0,16800,43018,602000.0,6.0,Studio
2021.0,Mirdif,1.0,47618.5,25000,2712934,941112.5,5.0,1 BHK
2021.0,Mirdif,2.0,62000.0,0,2712934,1160000.0,5.0,2 BHK
2021.0,Mirdif,3.0,83811.0,12491,2712934,1880000.0,4.0,3 BHK
2021.0,Mirdif,4.0,100000.0,5000,320000,3529341.0,3.0,4 BHK
2021.0,Muhaisanah First,1.0,55000.0,45000,93163,1039800.0,5.0,1 BHK
2021.0,Muhaisanah First,2.0,75000.0,36000,92500,1580800.0,5.0,2 BHK
2021.0,Muhaisanah First,3.0,102500.0,45000,260000,2366800.0,4.0,3 BHK
2021.0,Nad Al Shiba First,1.0,55000.0,38000,85000,870000.0,6.0,1 BHK
2021.0,Nad Al Shiba First,2.0,90000.0,39945,135000,1300000.0,7.0,2 BHK
2021.0,Nad Al Shiba First,3.0,117500.0,58243,210000,2220000.0,5.0,3 BHK
2021.0,Nad Al Shiba First,4.0,150000.0,20000,350000,3000000.0,5.0,4 BHK
2021.0,Nadd Hessa,0.0,24000.0,5000,810000,306000.0,8.0,Studio
2021.0,Nadd Hessa,1.0,34000.0,500,810000,410000.0,8.0,1 BHK
2021.0,Nadd Hessa,2.0,55000.0,10000,110000,720000.0,8.0,2 BHK
2021.0,Nadd Hessa,3.0,95000.0,1000,181500,1055000.0,9.0,3 BHK
2021.0,Palm Jumeirah,0.0,55000.0,39070,80000,850000.0,6.0,Studio
2021.0,Palm Jumeirah,1.0,95000.0,1000,190000,1448393.0,7.0,1 BHK
2021.0,Palm Jumeirah,2.0,120000.0,20000,1000000,2100000.0,6.0,2 BHK
2021.0,Palm Jumeirah,3.0,160000.0,24000,2600000,3222400.0,5.0,3 BHK
2021.0,Palm Jumeirah,4.0,370000.0,10000,3000000,15957500.0,2.0,4 BHK
2021.0,Rega Al Buteen,1.0,111000.0,31000,3200000,600000.0,18.0,1 BHK
2021.0,Rega Al Buteen,2.0,65000.0,30000,3200000,1176000.0,6.0,2 BHK
2021.0,Rega Al Buteen,3.0,100000.0,60000,135000,1096188.0,9.0,3 BHK
2021.0,Saih Shuaib 2,1.0,33115.5,19000,2769231,375000.0,9.0,1 BHK
2021.0,Saih Shuaib 2,2.0,134387.0,31316,2769231,500000.0,27.0,2 BHK
2021.0,Trade Center Second,1.0,60000.0,4,244068,850000.0,7.0,1 BHK
2021.0,Trade Center Second,2.0,78000.0,6,320000,1400000.0,6.0,2 BHK
2021.0,Trade Center Second,3.0,100000.0,12,897931,2575000.0,4.0,3 BHK
2021.0,Trade Center Second,4.0,205000.0,115000,360000,3555000.0,6.0,4 BHK
2021.0,Um Hurair Second,0.0,18333.0,18333,18333,1148625.0,2.0,Studio
2021.0,Um Hurair Second,1.0,48000.0,16000,90000,2900000.0,2.0,1 BHK
2021.0,Um Suqaim Third,1.0,30000.0,12,120000,1337000.0,2.0,1 BHK
2021.0,Um Suqaim Third,2.0,74000.0,30000,100000,2264500.0,3.0,2 BHK
2021.0,Um Suqaim Third,3.0,150000.0,15000,250000,3568000.0,4.0,3 BHK
2021.0,Um Suqaim Third,4.0,175000.0,50000,800000,5441500.0,3.0,4 BHK
2021.0,Wadi Al Safa 2,0.0,24000.0,3000,45000,348750.0,7.0,Studio
2021.0,Wadi Al Safa 2,1.0,29000.0,4000,68000,350000.0,8.0,1 BHK
2021.0,Wadi Al Safa 2,2.0,45000.0,500,105000,480000.0,9.0,2 BHK
2021.0,Wadi Al Safa 2,3.0,65000.0,15000,170000,720000.0,9.0,3 BHK
2021.0,Wadi Al Safa 3,0.0,25000.0,1,7776000,442851.0,6.0,Studio
2021.0,Wadi Al Safa 3,1.0,38000.0,1,7776000,1133801.0,3.0,1 BHK
2021.0,Wadi Al Safa 3,2.0,53000.0,1,7776000,1425865.0,4.0,2 BHK
2021.0,Wadi Al Safa 3,3.0,70000.0,56000,7776000,950000.0,7.0,3 BHK
2021.0,Wadi Al Safa 5,0.0,21000.0,13000,360000,265000.0,8.0,Studio
2021.0,Wadi Al Safa 5,1.0,30000.0,167,1415108,435000.0,7.0,1 BHK
2021.0,Wadi Al Safa 5,2.0,40500.0,20000,1415108,510000.0,8.0,2 BHK
2021.0,Wadi Al Safa 5,3.0,82550.5,49000,195000,731000.0,11.0,3 BHK
2021.0,Wadi Al Safa 7,0.0,40000.0,40000,42000,290270.0,14.0,Studio
2021.0,Wadi Al Safa 7,1.0,52000.0,40000,65000,399341.0,13.0,1 BHK
2021.0,Wadi Al Safa 7,2.0,73720.0,38000,101200,774000.0,10.0,2 BHK
2021.0,Wadi Al Safa 7,3.0,105000.0,15000,210000,648895.0,16.0,3 BHK
2021.0,Warsan Fourth,0.0,22000.0,5000,5703704,260000.0,8.0,Studio
2021.0,Warsan Fourth,1.0,30000.0,1,5703704,243101.0,12.0,1 BHK
2021.0,Warsan Fourth,2.0,45000.0,10000,2193000,500000.0,9.0,2 BHK
2021.0,Warsan Fourth,3.0,65000.0,38000,178000,800000.0,8.0,3 BHK
2021.0,Zaabeel Second,1.0,86500.0,60000,130000,1492388.5,6.0,1 BHK
2021.0,Zaabeel Second,2.0,144000.0,120000,240000,2427778.0,6.0,2 BHK
2021.0,Zaabeel Second,3.0,242500.0,215000,280000,3750888.0,6.0,3 BHK
2020.0,Al Barsha First,1.0,50000.0,1000,5000000,1028630.0,5.0,1 BHK
2020.0,Al Barsha First,2.0,72000.0,8000,5000000,1438461.0,5.0,2 BHK
2020.0,Al Barsha South Fifth,0.0,25000.0,19000,280000,425000.0,6.0,Studio
2020.0,Al Barsha South Fifth,1.0,50000.0,100,120000,425000.0,12.0,1 BHK
2020.0,Al Barsha South Fifth,2.0,100000.0,5000,180000,650000.0,15.0,2 BHK
2020.0,Al Barsha South Fifth,3.0,110000.0,72000,165000,1050000.0,10.0,3 BHK
2020.0,Al Barsha South Fourth,0.0,7250000.0,13000,19339709,420000.0,1726.0,Studio
2020.0,Al Barsha South Fourth,1.0,44000.0,40,19339709,630000.0,7.0,1 BHK
2020.0,Al Barsha South Fourth,2.0,66000.0,10000,19339709,870000.0,8.0,2 BHK
2020.0,Al Barsha South Fourth,3.0,95000.0,2000,6600000,1000000.0,10.0,3 BHK
2020.0,Al Barsha South Fourth,4.0,105000.0,35000,172000,1250000.0,8.0,4 BHK
2020.0,Al Barshaa South Second,0.0,22012.0,20015,28031,495087.0,4.0,Studio
2020.0,Al Barshaa South Second,1.0,40000.0,15000,54000,726843.5,6.0,1 BHK
2020.0,Al Barshaa South Second,2.0,57000.0,45000,75000,585000.0,10.0,2 BHK
2020.0,Al Barshaa South Third,0.0,29750.0,18000,1165500,450000.0,7.0,Studio
2020.0,Al Barshaa South Third,1.0,43000.0,9019,1236000,669000.0,6.0,1 BHK
2020.0,Al Barshaa South Third,2.0,62000.0,1200,1236000,900000.0,7.0,2 BHK
2020.0,Al Barshaa South Third,3.0,309379.0,50000,1236000,1116800.0,28.0,3 BHK
2020.0,Al Goze Fourth,0.0,32000.0,12857,63000,335000.0,10.0,Studio
2020.0,Al Goze Fourth,1.0,43000.0,23077,3660000,551005.0,8.0,1 BHK
2020.0,Al Goze Fourth,2.0,53000.0,24000,3660000,894002.0,6.0,2 BHK
2020.0,Al Hebiah Fifth,0.0,31302.0,17952,4470946,250000.0,13.0,Studio
2020.0,Al Hebiah Fifth,1.0,40000.0,9500,4470946,471000.0,8.0,1 BHK
2020.0,Al Hebiah Fifth,2.0,58000.0,5227,4470946,544000.0,11.0,2 BHK
2020.0,Al Hebiah Fifth,3.0,75000.0,50000,125000,717500.0,10.0,3 BHK
2020.0,Al Hebiah First,0.0,35000.0,25000,55000,420000.0,8.0,Studio
2020.0,Al Hebiah First,1.0,47110.0,30000,110400,510000.0,9.0,1 BHK
2020.0,Al Hebiah First,2.0,75000.0,10000,121000,830000.0,9.0,2 BHK
2020.0,Al Hebiah First,3.0,114200.0,100,222000,1268150.0,9.0,3 BHK
2020.0,Al Hebiah Fourth,0.0,24000.0,997,60000,290000.0,8.0,Studio
2020.0,Al Hebiah Fourth,1.0,37000.0,18000,94000,400000.0,9.0,1 BHK
2020.0,Al Hebiah Fourth,2.0,53000.0,30000,123000,625000.0,8.0,2 BHK
2020.0,Al Hebiah Fourth,3.0,87500.0,55000,230000,1000000.0,9.0,3 BHK
2020.0,Al Hebiah Fourth,4.0,135000.0,85000,250000,4700000.0,3.0,4 BHK
2020.0,Al Hebiah Second,0.0,30000.0,25000,44000,380110.0,8.0,Studio
2020.0,Al Hebiah Second,1.0,80000.0,20000,101940,550000.0,15.0,1 BHK
2020.0,Al Hebiah Second,2.0,65000.0,23200,110000,1248000.0,5.0,2 BHK
2020.0,Al Hebiah Second,3.0,75889.0,58000,150000,908750.0,8.0,3 BHK
2020.0,Al Hebiah Sixth,1.0,35000.0,30000,105000,867000.0,4.0,1 BHK
2020.0,Al Hebiah Sixth,2.0,78500.0,40000,85000,1257000.0,6.0,2 BHK
2020.0,Al Hebiah Sixth,3.0,102500.0,40000,195000,1993000.0,5.0,3 BHK
2020.0,Al Hebiah Third,0.0,30000.0,20000,80000,487320.0,6.0,Studio
2020.0,Al Hebiah Third,1.0,50000.0,30000,68000,686340.0,7.0,1 BHK
2020.0,Al Hebiah Third,2.0,83500.0,21562,115000,1167480.0,7.0,2 BHK
2020.0,Al Hebiah Third,3.0,105000.0,12000,186000,1509730.0,7.0,3 BHK
2020.0,Al Jadaf,0.0,38000.0,18000,80000,554979.5,7.0,Studio
2020.0,Al Jadaf,1.0,52000.0,13333,660000,627750.0,8.0,1 BHK
2020.0,Al Jadaf,2.0,70000.0,7000,522000,825000.0,8.0,2 BHK
2020.0,Al Jadaf,3.0,108500.0,72,380000,1341402.0,8.0,3 BHK
2020.0,Al Khairan First,1.0,62000.0,19963,75000,1057888.0,6.0,1 BHK
2020.0,Al Khairan First,2.0,85000.0,40000,130000,1670888.0,5.0,2 BHK
2020.0,Al Khairan First,3.0,125000.0,50000,175000,2716888.0,5.0,3 BHK
2020.0,Al Khairan First,4.0,160000.0,120000,200000,4316888.0,4.0,4 BHK
2020.0,Al Kheeran,0.0,28000.0,20000,50000,380000.0,7.0,Studio
2020.0,Al Kheeran,1.0,45000.0,15000,105000,1210092.5,4.0,1 BHK
2020.0,Al Kheeran,2.0,100000.0,30000,145000,1700000.0,6.0,2 BHK
2020.0,Al Kheeran,3.0,150000.0,39786,212400,2200000.0,7.0,3 BHK
2020.0,Al Kheeran,4.0,195000.0,140000,235000,1987500.0,10.0,4 BHK
2020.0,Al Merkadh,0.0,40000.0,36000,50000,539742.0,7.0,Studio
2020.0,Al Merkadh,1.0,58000.0,35000,80000,1099063.0,5.0,1 BHK
2020.0,Al Merkadh,2.0,90000.0,60000,350000,1766713.5,5.0,2 BHK
2020.0,Al Merkadh,3.0,130000.0,90000,400000,2842106.5,5.0,3 BHK
2020.0,Al Merkadh,4.0,340000.0,50000,500000,4786650.0,7.0,4 BHK
2020.0,Al Safouh First,0.0,40000.0,23000,118000,512944.0,8.0,Studio
2020.0,Al Safouh First,1.0,53000.0,4997,75000,580000.0,9.0,1 BHK
2020.0,Al Safouh First,2.0,72000.0,40000,100000,1150000.0,6.0,2 BHK
2020.0,Al Safouh First,3.0,150000.0,89751,184615,2770120.0,5.0,3 BHK
2020.0,Al Thanyah Fifth,0.0,35000.0,10000,72000,390100.0,9.0,Studio
2020.0,Al Thanyah Fifth,1.0,50000.0,2833,144000,605000.0,8.0,1 BHK
2020.0,Al Thanyah Fifth,2.0,76000.0,500,250000,910000.0,8.0,2 BHK
2020.0,Al Thanyah Fifth,3.0,143000.0,1,430000,1415625.0,10.0,3 BHK
2020.0,Al Thanyah Fifth,4.0,190000.0,40000,443616,4900000.0,4.0,4 BHK
2020.0,Al Thanyah First,0.0,38000.0,28000,120000,615000.0,6.0,Studio
2020.0,Al Thanyah First,1.0,50000.0,20263,1150000,550000.0,9.0,1 BHK
2020.0,Al Thanyah First,2.0,70000.0,20000,7740000,897500.0,8.0,2 BHK
2020.0,Al Thanyah First,3.0,90000.0,40000,7740000,1000000.0,9.0,3 BHK
2020.0,Al Thanyah Third,0.0,38000.0,28000,60000,417500.0,9.0,Studio
2020.0,Al Thanyah Third,1.0,56000.0,10000,250000,643000.0,9.0,1 BHK
2020.0,Al Thanyah Third,2.0,95000.0,43000,440000,1130000.0,8.0,2 BHK
2020.0,Al Thanyah Third,3.0,142500.0,16000,350000,1460000.0,10.0,3 BHK
2020.0,Al Thanyah Third,4.0,245000.0,100000,494000,1730000.0,14.0,4 BHK
2020.0,Al Warsan First,0.0,20000.0,1000,1758600,235000.0,9.0,Studio
2020.0,Al Warsan First,1.0,30000.0,3000,1758600,325000.0,9.0,1 BHK
2020.0,Al Warsan First,2.0,47000.0,20000,1758600,567896.5,8.0,2 BHK
2020.0,Al Warsan First,3.0,75000.0,11625,750000,660000.0,11.0,3 BHK
2020.0,Al Wasl,1.0,90000.0,40274,200000,1558500.0,6.0,1 BHK
2020.0,Al Wasl,2.0,115000.0,12,260000,2200000.0,5.0,2 BHK
2020.0,Al Wasl,3.0,175000.0,46667,2145000,3692500.0,5.0,3 BHK
2020.0,Al Wasl,4.0,180000.0,40000,2145000,5620000.0,3.0,4 BHK
2020.0,Al Yelayiss 2,0.0,22000.0,17000,30000,360000.0,6.0,Studio
2020.0,Al Yelayiss 2,1.0,33000.0,18000,70000,621888.0,5.0,1 BHK
2020.0,Al Yelayiss 2,2.0,45000.0,23750,85000,795888.0,6.0,2 BHK
2020.0,Al Yelayiss 2,3.0,80000.0,1000,135000,1033888.0,8.0,3 BHK
2020.0,Al Yelayiss 2,4.0,95000.0,5000,125000,1375444.0,7.0,4 BHK
2020.0,Burj Khalifa,0.0,47000.0,27000,120000,650000.0,7.0,Studio
2020.0,Burj Khalifa,1.0,72000.0,5000,260000,1095888.0,7.0,1 BHK
2020.0,Burj Khalifa,2.0,110000.0,1000,500000,1910444.0,6.0,2 BHK
2020.0,Burj Khalifa,3.0,160000.0,2000,360000,3000000.0,5.0,3 BHK
2020.0,Burj Khalifa,4.0,360000.0,150000,850000,10690000.0,3.0,4 BHK
2020.0,Business Bay,0.0,42000.0,19945,120000,686638.0,6.0,Studio
2020.0,Business Bay,1.0,60000.0,12000,500000,820000.0,7.0,1 BHK
2020.0,Business Bay,2.0,87000.0,15000,1150000,1639890.0,5.0,2 BHK
2020.0,Business Bay,3.0,124205.0,14000,240000,2719000.0,5.0,3 BHK
2020.0,Business Bay,4.0,187500.0,24000,480470,5293348.0,4.0,4 BHK
2020.0,Dubai Investment Park First,0.0,309587.0,10000,1800000,305000.0,102.0,Studio
2020.0,Dubai Investment Park First,1.0,50000.0,7500,12960000,485000.0,10.0,1 BHK
2020.0,Dubai Investment Park First,2.0,56929.0,22000,12960000,925000.0,6.0,2 BHK
2020.0,Dubai Investment Park First,3.0,135000.0,50000,230000,1400000.0,10.0,3 BHK
2020.0,Dubai Investment Park Second,0.0,28000.0,7167,5000000,210000.0,13.0,Studio
2020.0,Dubai Investment Park Second,1.0,156600.0,10793,5000000,300000.0,52.0,1 BHK
2020.0,Dubai Investment Park Second,2.0,57000.0,30000,5000000,575000.0,10.0,2 BHK
2020.0,Dubai Investment Park Second,3.0,5000000.0,65000,5000000,800000.0,625.0,3 BHK
2020.0,Hadaeq Sheikh Mohammed Bin Rashid,1.0,60000.0,40000,145000,818392.0,7.0,1 BHK
2020.0,Hadaeq Sheikh Mohammed Bin Rashid,2.0,85000.0,29911,131250,1228888.0,7.0,2 BHK
2020.0,Hadaeq Sheikh Mohammed Bin Rashid,3.0,118000.0,83000,209500,1600000.0,7.0,3 BHK
2020.0,Hadaeq Sheikh Mohammed Bin Rashid,4.0,120000.0,5000,215750,5188888.0,2.0,4 BHK
2020.0,Hessyan First,0.0,17595.0,4155,29568,230000.0,8.0,Studio
2020.0,Hessyan First,1.0,28000.0,8227,66000,300000.0,9.0,1 BHK
2020.0,Hessyan First,2.0,47131.0,38500,65000,451550.0,10.0,2 BHK
2020.0,Island 2,1.0,270000.0,225000,290000,4969500.0,5.0,1 BHK
2020.0,Island 2,2.0,390000.0,199464,533000,7883550.0,5.0,2 BHK
2020.0,Island 2,3.0,525000.0,525000,525000,10500000.0,5.0,3 BHK
2020.0,Island 2,4.0,1350000.0,1000000,1700000,21820000.0,6.0,4 BHK
2020.0,Jabal Ali First,0.0,29000.0,32,2934225,368000.0,8.0,Studio
2020.0,Jabal Ali First,1.0,46392.0,100,2934225,657400.0,7.0,1 BHK
2020.0,Jabal Ali First,2.0,60374.0,55,690000,765506.0,8.0,2 BHK
2020.0,Jabal Ali First,3.0,100000.0,5445,769200,920777.0,11.0,3 BHK
2020.0,Jabal Ali Industrial Second,1.0,32000.0,22000,50880,686400.0,5.0,1 BHK
2020.0,Jabal Ali Industrial Second,2.0,50000.0,40000,60000,1000000.0,5.0,2 BHK
2020.0,Jumeirah First,1.0,58000.0,20000,600000,1441000.0,4.0,1 BHK
2020.0,Jumeirah First,2.0,80000.0,18258,200000,2099000.0,4.0,2 BHK
2020.0,Jumeirah First,3.0,150000.0,45000,376229,4092000.0,4.0,3 BHK
2020.0,Jumeirah First,4.0,180000.0,12,880000,7641500.0,2.0,4 BHK
2020.0,Madinat Al Mataar,0.0,19500.0,7500,50000,361706.0,5.0,Studio
2020.0,Madinat Al Mataar,1.0,28000.0,8667,1590000,450000.0,6.0,1 BHK
2020.0,Madinat Al Mataar,2.0,40000.0,10000,92000,699064.0,6.0,2 BHK
2020.0,Madinat Al Mataar,3.0,58000.0,37846,550000,869596.0,7.0,3 BHK
2020.0,Madinat Dubai Almelaheyah,1.0,55000.0,7241,200000,978888.0,6.0,1 BHK
2020.0,Madinat Dubai Almelaheyah,2.0,73923.0,32000,95000,1616888.0,5.0,2 BHK
2020.0,Madinat Dubai Almelaheyah,3.0,105000.0,75000,115000,2676004.0,4.0,3 BHK
2020.0,Madinat Hind 4,2.0,55000.0,40108,80000,750000.0,7.0,2 BHK
2020.0,Marsa Dubai,0.0,42000.0,10000,640000,489500.0,9.0,Studio
2020.0,Marsa Dubai,1.0,61482.5,1000,640000,1032770.0,6.0,1 BHK
2020.0,Marsa Dubai,2.0,90000.0,1000,640000,1518927.5,6.0,2 BHK
2020.0,Marsa Dubai,3.0,125000.0,2118,350000,2300000.0,5.0,3 BHK
2020.0,Marsa Dubai,4.0,160000.0,12000,2100000,3122000.0,5.0,4 BHK
2020.0,Me'Aisem First,0.0,22000.0,12000,860000,245000.0,9.0,Studio
2020.0,Me'Aisem First,1.0,34000.0,5000,860000,450000.0,8.0,1 BHK
2020.0,Me'Aisem First,2.0,47000.0,20000,150000,738625.0,6.0,2 BHK
2020.0,Me'Aisem First,3.0,65000.0,57,340000,1050000.0,6.0,3 BHK
2020.0,Me'Aisem First,4.0,235000.0,120000,450000,2524150.0,9.0,4 BHK
2020.0,Mirdif,0.0,38691.5,16800,43727,584384.0,7.0,Studio
2020.0,Mirdif,1.0,53068.0,9623,2867116,650000.0,8.0,1 BHK
2020.0,Mirdif,2.0,69296.5,24000,2867116,1122500.0,6.0,2 BHK
2020.0,Mirdif,3.0,86000.0,26667,2867116,1553018.0,6.0,3 BHK
2020.0,Mirdif,4.0,100000.0,1000,200000,3272315.0,3.0,4 BHK
2020.0,Muhaisanah First,1.0,55000.0,52000,75000,949376.0,6.0,1 BHK
2020.0,Muhaisanah First,2.0,79000.0,30000,101791,1374539.0,6.0,2 BHK
2020.0,Muhaisanah First,3.0,105000.0,65000,160000,2043743.5,5.0,3 BHK
2020.0,Nad Al Shiba First,1.0,55000.0,20000,85000,905780.0,6.0,1 BHK
2020.0,Nad Al Shiba First,2.0,93000.0,40000,150000,1250000.0,7.0,2 BHK
2020.0,Nad Al Shiba First,3.0,115192.5,80000,220000,2926066.0,4.0,3 BHK
2020.0,Nad Al Shiba First,4.0,149000.0,100000,290000,2619000.0,6.0,4 BHK
2020.0,Nadd Hessa,0.0,26000.0,5000,1540000,350000.0,7.0,Studio
2020.0,Nadd Hessa,1.0,39000.0,10000,1540000,469540.5,8.0,1 BHK
2020.0,Nadd Hessa,2.0,60000.0,9600,1540000,656125.0,9.0,2 BHK
2020.0,Nadd Hessa,3.0,114000.0,22143,225000,925000.0,12.0,3 BHK
2020.0,Palm Jumeirah,0.0,55000.0,40000,77143,656015.0,8.0,Studio
2020.0,Palm Jumeirah,1.0,86550.0,36266,416897,1227856.0,7.0,1 BHK
2020.0,Palm Jumeirah,2.0,117000.0,13500,1000000,1700000.0,7.0,2 BHK
2020.0,Palm Jumeirah,3.0,155000.0,50000,450000,2050000.0,8.0,3 BHK
2020.0,Palm Jumeirah,4.0,312500.0,20000,3000000,6450000.0,5.0,4 BHK
2020.0,Rega Al Buteen,2.0,70000.0,30000,4500000,1340000.0,5.0,2 BHK
2020.0,Rega Al Buteen,3.0,100000.0,60000,192460,1205735.0,8.0,3 BHK
2020.0,Saih Shuaib 2,1.0,32654.0,19735,352000,484800.0,7.0,1 BHK
2020.0,Trade Center Second,2.0,85000.0,4,320000,1975000.0,4.0,2 BHK
2020.0,Trade Center Second,3.0,100000.0,6,396393,2300000.0,4.0,3 BHK
2020.0,Trade Center Second,4.0,200000.0,140000,360000,4000000.0,5.0,4 BHK
2020.0,Um Hurair Second,0.0,50000.0,50000,50000,1678555.0,3.0,Studio
2020.0,Um Hurair Second,1.0,57000.0,44000,97043,1590000.0,4.0,1 BHK
2020.0,Um Suqaim Third,1.0,65000.0,55000,68000,1332000.0,5.0,1 BHK
2020.0,Um Suqaim Third,2.0,95000.0,30000,120000,2420000.0,4.0,2 BHK
2020.0,Um Suqaim Third,3.0,155000.0,15000,375000,3481000.0,4.0,3 BHK
2020.0,Um Suqaim Third,4.0,180000.0,80000,432027,4942000.0,4.0,4 BHK
2020.0,Wadi Al Safa 2,0.0,26000.0,22000,36857,350000.0,7.0,Studio
2020.0,Wadi Al Safa 2,1.0,32000.0,10000,60000,385000.0,8.0,1 BHK
2020.0,Wadi Al Safa 2,2.0,50000.0,34000,1050000,500000.0,10.0,2 BHK
2020.0,Wadi Al Safa 2,3.0,75000.0,31829,175000,700000.0,11.0,3 BHK
2020.0,Wadi Al Safa 3,0.0,25000.0,19000,1224460,258300.5,10.0,Studio
2020.0,Wadi Al Safa 3,1.0,40000.0,24000,1224460,480000.0,8.0,1 BHK
2020.0,Wadi Al Safa 3,2.0,1224460.0,33500,15500000,705709.0,174.0,2 BHK
2020.0,Wadi Al Safa 3,3.0,15500000.0,57000,15500000,1515518.5,1023.0,3 BHK
2020.0,Wadi Al Safa 3,4.0,110000.0,70000,797784,4625000.0,2.0,4 BHK
2020.0,Wadi Al Safa 5,0.0,24000.0,16000,72000,370000.0,6.0,Studio
2020.0,Wadi Al Safa 5,1.0,35000.0,14500,3788423,551063.0,6.0,1 BHK
2020.0,Wadi Al Safa 5,2.0,46000.0,0,3788423,673484.0,7.0,2 BHK
2020.0,Wadi Al Safa 7,1.0,65000.0,50000,70000,641250.0,10.0,1 BHK
2020.0,Wadi Al Safa 7,2.0,72000.0,4,101603,717500.0,10.0,2 BHK
2020.0,Warsan Fourth,0.0,23000.0,12243,1650000,254167.0,9.0,Studio
2020.0,Warsan Fourth,1.0,33000.0,3500,1650000,400000.0,8.0,1 BHK
2020.0,Warsan Fourth,2.0,46000.0,18000,182000,680000.0,7.0,2 BHK
2019.0,Al Barsha First,2.0,80000.0,17800,5571429,1219110.0,7.0,2 BHK
2019.0,Al Barsha South Fifth,0.0,33000.0,27000,60000,465000.0,7.0,Studio
2019.0,Al Barsha South Fifth,1.0,55000.0,21000,120000,617741.0,9.0,1 BHK
2019.0,Al Barsha South Fifth,2.0,110000.0,5000,200000,840000.0,13.0,2 BHK
2019.0,Al Barsha South Fifth,3.0,122500.0,85000,170000,1539650.0,8.0,3 BHK
2019.0,Al Barsha South Fourth,0.0,35000.0,3500,830340,410000.0,9.0,Studio
2019.0,Al Barsha South Fourth,1.0,50000.0,10000,2569480,623423.0,8.0,1 BHK
2019.0,Al Barsha South Fourth,2.0,75000.0,100,2569480,971312.0,8.0,2 BHK
2019.0,Al Barsha South Fourth,3.0,100000.0,2000,200000,1000000.0,10.0,3 BHK
2019.0,Al Barsha South Fourth,4.0,120000.0,50000,172165,1825000.0,7.0,4 BHK
2019.0,Al Barshaa South Second,1.0,50000.0,30000,60000,725167.0,7.0,1 BHK
2019.0,Al Barshaa South Second,2.0,68000.0,5000,125000,850000.0,8.0,2 BHK
2019.0,Al Barshaa South Third,0.0,35000.0,16000,2960000,393000.0,9.0,Studio
2019.0,Al Barshaa South Third,1.0,47000.0,10707,2960000,668922.5,7.0,1 BHK
2019.0,Al Barshaa South Third,2.0,68000.0,21132,2960000,760000.0,9.0,2 BHK
2019.0,Al Barshaa South Third,3.0,1165500.0,67500,1645000,950000.0,123.0,3 BHK
2019.0,Al Goze Fourth,0.0,35000.0,16000,79200,248755.0,14.0,Studio
2019.0,Al Goze Fourth,1.0,47000.0,20000,8178000,432644.0,11.0,1 BHK
2019.0,Al Goze Fourth,2.0,53000.0,10667,3660000,575224.0,9.0,2 BHK
2019.0,Al Goze Fourth,3.0,69000.0,19658,150000,715215.0,10.0,3 BHK
2019.0,Al Goze Fourth,4.0,180000.0,70000,200000,1620820.0,11.0,4 BHK
2019.0,Al Hebiah Fifth,0.0,42968.0,22000,4712238,300000.0,14.0,Studio
2019.0,Al Hebiah Fifth,1.0,48000.0,10000,4712238,492900.0,10.0,1 BHK
2019.0,Al Hebiah Fifth,2.0,68995.0,5463,4712238,603000.0,11.0,2 BHK
2019.0,Al Hebiah Fifth,3.0,90000.0,60000,125000,900000.0,10.0,3 BHK
2019.0,Al Hebiah First,0.0,40000.0,32000,60000,526271.0,8.0,Studio
2019.0,Al Hebiah First,1.0,58000.0,32500,84634,942170.0,6.0,1 BHK
2019.0,Al Hebiah First,2.0,89888.0,50000,147500,1439655.0,6.0,2 BHK
2019.0,Al Hebiah First,3.0,128649.0,5000,240000,1475000.0,9.0,3 BHK
2019.0,Al Hebiah Fourth,0.0,32000.0,3400,62000,337500.0,9.0,Studio
2019.0,Al Hebiah Fourth,1.0,45000.0,1,4500000,506630.0,9.0,1 BHK
2019.0,Al Hebiah Fourth,2.0,67000.0,30000,105000,725000.0,9.0,2 BHK
2019.0,Al Hebiah Fourth,3.0,110000.0,55000,230000,1026200.0,11.0,3 BHK
2019.0,Al Hebiah Second,0.0,35000.0,28000,44000,300000.0,12.0,Studio
2019.0,Al Hebiah Second,1.0,80000.0,20000,101940,550000.0,15.0,1 BHK
2019.0,Al Hebiah Second,2.0,75000.0,50000,110000,808000.0,9.0,2 BHK
2019.0,Al Hebiah Second,3.0,87383.5,70000,150000,884500.0,10.0,3 BHK
2019.0,Al Hebiah Sixth,1.0,115000.0,115000,115000,850000.0,14.0,1 BHK
2019.0,Al Hebiah Third,0.0,35000.0,25000,105000,522000.0,7.0,Studio
2019.0,Al Hebiah Third,1.0,56250.0,34233,77000,750000.0,8.0,1 BHK
2019.0,Al Hebiah Third,2.0,93629.5,31000,876923,1511910.0,6.0,2 BHK
2019.0,Al Hebiah Third,3.0,117846.0,80000,1496060,1886280.0,6.0,3 BHK
2019.0,Al Jadaf,0.0,50000.0,30000,75616,568463.0,9.0,Studio
2019.0,Al Jadaf,1.0,59000.0,9972,2058460,862250.0,7.0,1 BHK
2019.0,Al Jadaf,2.0,80000.0,5000,2058460,1312125.0,6.0,2 BHK
2019.0,Al Jadaf,3.0,130000.0,5000,2058460,1819554.0,7.0,3 BHK
2019.0,Al Jadaf,4.0,215000.0,120000,390000,8125000.0,3.0,4 BHK
2019.0,Al Khairan First,1.0,62000.0,55000,75000,1046888.0,6.0,1 BHK
2019.0,Al Khairan First,2.0,85000.0,40000,110000,1622388.0,5.0,2 BHK
2019.0,Al Khairan First,3.0,125000.0,50000,250000,2671888.0,5.0,3 BHK
2019.0,Al Kheeran,0.0,36000.0,30000,65000,625000.0,6.0,Studio
2019.0,Al Kheeran,1.0,49000.0,15000,115000,1673504.0,3.0,1 BHK
2019.0,Al Kheeran,2.0,110000.0,30000,165750,1784000.0,6.0,2 BHK
2019.0,Al Kheeran,3.0,170000.0,49714,209592,2581000.0,7.0,3 BHK
2019.0,Al Kheeran,4.0,192766.5,100000,250000,2770000.0,7.0,4 BHK
2019.0,Al Merkadh,0.0,50000.0,47000,55000,514374.0,10.0,Studio
2019.0,Al Merkadh,1.0,65000.0,56000,80000,900000.0,7.0,1 BHK
2019.0,Al Merkadh,2.0,94061.5,87000,350000,1504714.5,6.0,2 BHK
2019.0,Al Merkadh,3.0,157500.0,120000,400000,1575000.0,10.0,3 BHK
2019.0,Al Qusais Industrial Fourth,3.0,85000.0,58154,100000,1069266.5,8.0,3 BHK
2019.0,Al Safouh First,0.0,46000.0,20000,104000,490000.0,9.0,Studio
2019.0,Al Safouh First,1.0,61250.0,36000,80000,825000.0,7.0,1 BHK
2019.0,Al Safouh First,2.0,80000.0,60000,105000,1230000.0,7.0,2 BHK
2019.0,Al Safouh First,3.0,147700.0,93500,160001,1932902.0,8.0,3 BHK
2019.0,Al Thanyah Fifth,0.0,43000.0,24000,1000000,390457.0,11.0,Studio
2019.0,Al Thanyah Fifth,1.0,62000.0,3333,144000,683621.0,9.0,1 BHK
2019.0,Al Thanyah Fifth,2.0,90000.0,20000,280000,997500.0,9.0,2 BHK
2019.0,Al Thanyah Fifth,3.0,153000.0,1999,430000,1367625.0,11.0,3 BHK
2019.0,Al Thanyah Fifth,4.0,205000.0,500,541698,1665000.0,12.0,4 BHK
2019.0,Al Thanyah First,0.0,44000.0,33000,315000,731000.0,6.0,Studio
2019.0,Al Thanyah First,1.0,55999.0,10000,660000,1104327.0,5.0,1 BHK
2019.0,Al Thanyah First,2.0,80000.0,20000,9408000,1000000.0,8.0,2 BHK
2019.0,Al Thanyah First,3.0,105000.0,60000,9408000,1700000.0,6.0,3 BHK
2019.0,Al Thanyah Third,0.0,45000.0,33000,67500,480000.0,9.0,Studio
2019.0,Al Thanyah Third,1.0,70000.0,1000,250000,731250.0,10.0,1 BHK
2019.0,Al Thanyah Third,2.0,110000.0,10400,196000,1225000.0,9.0,2 BHK
2019.0,Al Thanyah Third,3.0,155000.0,50000,1250013,1500000.0,10.0,3 BHK
2019.0,Al Thanyah Third,4.0,254000.0,100000,494000,1900000.0,13.0,4 BHK
2019.0,Al Warsan First,0.0,25000.0,25,1954736,230000.0,11.0,Studio
2019.0,Al Warsan First,1.0,35000.0,1000,5376000,330000.0,11.0,1 BHK
2019.0,Al Warsan First,2.0,50000.0,15000,1954736,550000.0,9.0,2 BHK
2019.0,Al Warsan First,3.0,83000.0,20000,130000,760000.0,11.0,3 BHK
2019.0,Al Wasl,1.0,112250.0,34125,200000,1588000.0,7.0,1 BHK
2019.0,Al Wasl,2.0,121322.0,5,285000,2517000.0,5.0,2 BHK
2019.0,Al Wasl,3.0,185000.0,50139,400000,3762000.0,5.0,3 BHK
2019.0,Al Wasl,4.0,205000.0,75000,700000,5337000.0,4.0,4 BHK
2019.0,Al Yelayiss 2,0.0,26000.0,23000,35000,400888.0,6.0,Studio
2019.0,Al Yelayiss 2,1.0,39000.0,34000,55000,543888.0,7.0,1 BHK
2019.0,Al Yelayiss 2,2.0,55000.0,25000,80000,700000.0,8.0,2 BHK
2019.0,Al Yelayiss 2,3.0,95000.0,27667,140000,859789.0,11.0,3 BHK
2019.0,Burj Khalifa,0.0,55000.0,39000,100000,715000.0,8.0,Studio
2019.0,Burj Khalifa,1.0,85000.0,69,1957895,1250000.0,7.0,1 BHK
2019.0,Burj Khalifa,2.0,125000.0,33333,540000,2191388.0,6.0,2 BHK
2019.0,Burj Khalifa,3.0,180000.0,10000,361037,3589644.0,5.0,3 BHK
2019.0,Burj Khalifa,4.0,375000.0,200000,800000,5400000.0,7.0,4 BHK
2019.0,Business Bay,0.0,50000.0,30000,1024000,775824.0,6.0,Studio
2019.0,Business Bay,1.0,70000.0,12000,1024000,825000.0,8.0,1 BHK
2019.0,Business Bay,2.0,100000.0,20000,360000,1400000.0,7.0,2 BHK
2019.0,Business Bay,3.0,120000.0,14000,1024000,2300000.0,5.0,3 BHK
2019.0,Business Bay,4.0,200000.0,24000,600000,9962496.0,2.0,4 BHK
2019.0,Dubai Investment Park First,0.0,148800.0,7500,2149350,316000.0,47.0,Studio
2019.0,Dubai Investment Park First,1.0,1239999.0,19000,12960000,565000.0,219.0,1 BHK
2019.0,Dubai Investment Park First,2.0,65351.0,60,12960000,1000000.0,7.0,2 BHK
2019.0,Dubai Investment Park First,3.0,150000.0,40000,257873,1220000.0,12.0,3 BHK
2019.0,Dubai Investment Park Second,0.0,32000.0,12000,5000000,326500.0,10.0,Studio
2019.0,Dubai Investment Park Second,1.0,216000.0,10800,5000000,423317.5,51.0,1 BHK
2019.0,Dubai Investment Park Second,2.0,70000.0,29760,5000000,658750.0,11.0,2 BHK
2019.0,Dubai Investment Park Second,3.0,5000000.0,65000,5000000,1300000.0,385.0,3 BHK
2019.0,Hadaeq Sheikh Mohammed Bin Rashid,1.0,62000.0,60000,70000,728888.0,9.0,1 BHK
2019.0,Hadaeq Sheikh Mohammed Bin Rashid,2.0,85000.0,74000,105000,1060888.0,8.0,2 BHK
2019.0,Hadaeq Sheikh Mohammed Bin Rashid,3.0,120000.0,100000,160000,2050888.0,6.0,3 BHK
2019.0,Hadaeq Sheikh Mohammed Bin Rashid,4.0,160000.0,39779,190000,5941888.0,3.0,4 BHK
2019.0,Hessyan First,1.0,36000.0,25000,51000,400000.0,9.0,1 BHK
2019.0,Hessyan First,2.0,50000.0,43500,75000,724165.0,7.0,2 BHK
2019.0,Hessyan First,3.0,77000.0,60000,155000,1088965.0,7.0,3 BHK
2019.0,Island 2,1.0,315000.0,310000,320000,4905000.0,6.0,1 BHK
2019.0,Island 2,2.0,450000.0,450000,500000,7417500.0,6.0,2 BHK
2019.0,Island 2,3.0,545000.0,484615,750000,8921000.0,6.0,3 BHK
2019.0,Jabal Ali First,0.0,34500.0,7500,7620000,175945.0,20.0,Studio
2019.0,Jabal Ali First,1.0,52754.5,5000,7620000,376776.0,14.0,1 BHK
2019.0,Jabal Ali First,2.0,64000.0,7000,1395000,695777.0,9.0,2 BHK
2019.0,Jabal Ali First,3.0,105000.0,50000,820000,976875.0,11.0,3 BHK
2019.0,Jabal Ali First,4.0,135000.0,60000,620000,3495225.0,4.0,4 BHK
2019.0,Jabal Ali Industrial Second,0.0,21500.0,21500,21500,488800.0,4.0,Studio
2019.0,Jabal Ali Industrial Second,1.0,40000.0,25000,60000,435000.0,9.0,1 BHK
2019.0,Jabal Ali Industrial Second,2.0,54000.0,42000,73000,1197695.0,5.0,2 BHK
2019.0,Jumeirah First,1.0,69231.0,12000,560000,1471000.0,5.0,1 BHK
2019.0,Jumeirah First,2.0,97000.0,10000,180000,2226450.0,4.0,2 BHK
2019.0,Jumeirah First,3.0,155500.0,30000,600000,4251000.0,4.0,3 BHK
2019.0,Jumeirah First,4.0,200000.0,10000,880000,6350000.0,3.0,4 BHK
2019.0,Madinat Al Mataar,0.0,24000.0,18462,40000,380000.0,6.0,Studio
2019.0,Madinat Al Mataar,1.0,30000.0,24000,65000,549999.0,5.0,1 BHK
2019.0,Madinat Al Mataar,2.0,73750.0,34000,107143,890000.0,8.0,2 BHK
2019.0,Madinat Al Mataar,3.0,100000.0,100000,100000,1262888.0,8.0,3 BHK
2019.0,Madinat Dubai Almelaheyah,1.0,59000.0,42000,215000,1153888.0,5.0,1 BHK
2019.0,Madinat Dubai Almelaheyah,2.0,79000.0,40000,90000,1816888.0,4.0,2 BHK
2019.0,Madinat Dubai Almelaheyah,3.0,108000.0,88000,120000,3173888.0,3.0,3 BHK
2019.0,Marsa Dubai,0.0,50000.0,5000,95000,660000.0,8.0,Studio
2019.0,Marsa Dubai,1.0,75000.0,10004,550000,1215000.0,6.0,1 BHK
2019.0,Marsa Dubai,2.0,105000.0,1000,800000,1970388.0,5.0,2 BHK
2019.0,Marsa Dubai,3.0,140000.0,10000,350000,2600000.0,5.0,3 BHK
2019.0,Marsa Dubai,4.0,180000.0,20000,600000,5349875.0,3.0,4 BHK
2019.0,Me'Aisem First,0.0,26000.0,11750,50000,260000.0,10.0,Studio
2019.0,Me'Aisem First,1.0,39000.0,9995,330000,676300.0,6.0,1 BHK
2019.0,Me'Aisem First,2.0,55000.0,10000,100000,894750.0,6.0,2 BHK
2019.0,Me'Aisem First,3.0,97500.0,6500,445000,1079400.0,9.0,3 BHK
2019.0,Me'Aisem First,4.0,250000.0,140000,360000,1425000.0,18.0,4 BHK
2019.0,Mirdif,0.0,40363.0,30000,52000,442218.0,9.0,Studio
2019.0,Mirdif,1.0,56910.0,8381,2940630,618750.0,9.0,1 BHK
2019.0,Mirdif,2.0,72748.0,36689,2940630,1106000.0,7.0,2 BHK
2019.0,Mirdif,3.0,95000.0,16000,2940630,1875080.0,5.0,3 BHK
2019.0,Mirdif,4.0,110000.0,5000,493295,2896969.0,4.0,4 BHK
2019.0,Nad Al Shiba First,1.0,65000.0,3692,600000,750000.0,9.0,1 BHK
2019.0,Nad Al Shiba First,2.0,100000.0,67000,138000,1265000.0,8.0,2 BHK
2019.0,Nad Al Shiba First,3.0,140000.0,50000,210000,1461200.0,10.0,3 BHK
2019.0,Nadd Hessa,0.0,32000.0,7500,9700000,320000.0,10.0,Studio
2019.0,Nadd Hessa,1.0,45000.0,499,9700000,505536.5,9.0,1 BHK
2019.0,Nadd Hessa,2.0,70000.0,5000,9700000,877538.5,8.0,2 BHK
2019.0,Nadd Hessa,3.0,121420.5,1,9700000,1050295.5,12.0,3 BHK
2019.0,Palm Jumeirah,0.0,63591.0,45000,85200,910000.0,7.0,Studio
2019.0,Palm Jumeirah,1.0,100000.0,48000,200479,1400000.0,7.0,1 BHK
2019.0,Palm Jumeirah,2.0,130000.0,12,1225000,1680201.0,8.0,2 BHK
2019.0,Palm Jumeirah,3.0,170000.0,70000,680000,2325000.0,7.0,3 BHK
2019.0,Palm Jumeirah,4.0,330000.0,100000,1200000,6417151.0,5.0,4 BHK
2019.0,Rega Al Buteen,1.0,85000.0,40000,300000,800000.0,11.0,1 BHK
2019.0,Rega Al Buteen,2.0,70000.0,30000,125000,1239800.0,6.0,2 BHK
2019.0,Rega Al Buteen,3.0,110000.0,25000,150000,1400000.0,8.0,3 BHK
2019.0,Saih Shuaib 2,0.0,30280.0,20000,30280,411440.0,7.0,Studio
2019.0,Saih Shuaib 2,1.0,42285.0,20000,111000,744000.0,6.0,1 BHK
2019.0,Saih Shuaib 2,2.0,62000.0,46272,434000,784924.0,8.0,2 BHK
2019.0,Trade Center Second,1.0,75000.0,43154,125000,1050000.0,7.0,1 BHK
2019.0,Trade Center Second,2.0,91400.0,11000,320000,1650000.0,6.0,2 BHK
2019.0,Trade Center Second,3.0,117000.0,20000,533333,2250000.0,5.0,3 BHK
2019.0,Um Hurair Second,0.0,65001.0,55000,96000,1176000.0,6.0,Studio
2019.0,Um Suqaim Third,1.0,78000.0,68000,83000,1314000.0,6.0,1 BHK
2019.0,Um Suqaim Third,2.0,105000.0,30000,141150,2364500.0,4.0,2 BHK
2019.0,Um Suqaim Third,3.0,171000.0,30000,550000,3323000.0,5.0,3 BHK
2019.0,Um Suqaim Third,4.0,195000.0,85000,440000,4960000.0,4.0,4 BHK
2019.0,Wadi Al Safa 2,0.0,33000.0,25000,38000,345000.0,10.0,Studio
2019.0,Wadi Al Safa 2,1.0,38000.0,17500,60000,305000.0,12.0,1 BHK
2019.0,Wadi Al Safa 2,2.0,56000.0,35000,975000,561205.0,10.0,2 BHK
2019.0,Wadi Al Safa 2,3.0,90000.0,63000,168707,800000.0,11.0,3 BHK
2019.0,Wadi Al Safa 3,0.0,2000000.0,22000,7776000,290000.0,690.0,Studio
2019.0,Wadi Al Safa 3,1.0,60173.0,27000,7776000,538750.0,11.0,1 BHK
2019.0,Wadi Al Safa 3,2.0,15500000.0,35000,15500000,880000.0,1761.0,2 BHK
2019.0,Wadi Al Safa 3,3.0,15500000.0,76000,15500000,1150000.0,1348.0,3 BHK
2019.0,Wadi Al Safa 3,4.0,125000.0,90000,675000,10628592.0,1.0,4 BHK
2019.0,Wadi Al Safa 5,0.0,29000.0,20000,5230680,292500.0,10.0,Studio
2019.0,Wadi Al Safa 5,1.0,40000.0,4000,5538462,418000.0,10.0,1 BHK
2019.0,Wadi Al Safa 5,2.0,55000.0,100,5538462,610000.0,9.0,2 BHK
2019.0,Wadi Al Safa 7,0.0,49500.0,49000,50000,446911.0,11.0,Studio
2019.0,Wadi Al Safa 7,1.0,65000.0,60000,68200,662729.0,10.0,1 BHK
2019.0,Wadi Al Safa 7,2.0,85000.0,63000,118800,1022491.0,8.0,2 BHK
2019.0,Warsan Fourth,0.0,27000.0,15000,2700000,270000.0,10.0,Studio
2019.0,Warsan Fourth,1.0,38000.0,20000,2700000,450000.0,8.0,1 BHK
2019.0,Warsan Fourth,2.0,50000.0,36000,210000,667755.0,7.0,2 BHK
2018.0,Al Barsha First,0.0,46000.0,15000,3250000,734000.0,6.0,Studio
2018.0,Al Barsha First,1.0,64500.0,22011,5200000,816600.0,8.0,1 BHK
2018.0,Al Barsha First,2.0,87097.0,16250,5200000,1555888.0,6.0,2 BHK
2018.0,Al Barsha South Fifth,0.0,40000.0,15000,57500,512935.0,8.0,Studio
2018.0,Al Barsha South Fifth,1.0,67000.0,9000,125000,696811.0,10.0,1 BHK
2018.0,Al Barsha South Fifth,2.0,125000.0,5000,220000,1146875.0,11.0,2 BHK
2018.0,Al Barsha South Fifth,3.0,132183.0,100000,152000,2000000.0,7.0,3 BHK
2018.0,Al Barsha South Fourth,0.0,40000.0,21000,520800,413250.0,10.0,Studio
2018.0,Al Barsha South Fourth,1.0,57750.0,4986,6000000,692617.5,8.0,1 BHK
2018.0,Al Barsha South Fourth,2.0,86800.0,9995,6000000,1075125.0,8.0,2 BHK
2018.0,Al Barsha South Fourth,3.0,116000.0,2000,274571,1189756.0,10.0,3 BHK
2018.0,Al Barsha South Fourth,4.0,130000.0,50000,185000,1256250.0,10.0,4 BHK
2018.0,Al Barshaa South Second,1.0,52000.0,45000,230769,694446.5,7.0,1 BHK
2018.0,Al Barshaa South Second,2.0,70000.0,30000,99732,889000.0,8.0,2 BHK
2018.0,Al Barshaa South Third,0.0,42000.0,22496,1540000,493000.0,9.0,Studio
2018.0,Al Barshaa South Third,1.0,62000.0,30000,1645000,836285.0,7.0,1 BHK
2018.0,Al Barshaa South Third,2.0,80000.0,55000,1645000,710000.0,11.0,2 BHK
2018.0,Al Barshaa South Third,3.0,1517500.0,75173,1645000,784540.5,193.0,3 BHK
2018.0,Al Goze Fourth,0.0,35000.0,11500,48000,367600.0,10.0,Studio
2018.0,Al Goze Fourth,1.0,45000.0,17433,3660000,764983.0,6.0,1 BHK
2018.0,Al Goze Fourth,2.0,55000.0,22500,3660000,834250.0,7.0,2 BHK
2018.0,Al Goze Fourth,3.0,90000.0,56753,160000,1573555.0,6.0,3 BHK
2018.0,Al Goze Fourth,4.0,175229.0,70000,200000,644279.0,27.0,4 BHK
2018.0,Al Hebiah Fifth,0.0,194940.0,12058,4712238,394000.0,49.0,Studio
2018.0,Al Hebiah Fifth,1.0,55000.0,12000,4712238,559000.0,10.0,1 BHK
2018.0,Al Hebiah Fifth,2.0,75185.0,20000,4712238,780000.0,10.0,2 BHK
2018.0,Al Hebiah Fifth,3.0,100000.0,57500,130000,943522.0,11.0,3 BHK
2018.0,Al Hebiah First,0.0,50135.0,40000,63000,583600.0,9.0,Studio
2018.0,Al Hebiah First,1.0,67000.0,33,570000,690800.0,10.0,1 BHK
2018.0,Al Hebiah First,2.0,100000.0,24000,300000,1106250.0,9.0,2 BHK
2018.0,Al Hebiah First,3.0,140000.0,85000,240000,1505647.0,9.0,3 BHK
2018.0,Al Hebiah Fourth,0.0,38000.0,44,415000,450000.0,8.0,Studio
2018.0,Al Hebiah Fourth,1.0,55000.0,133,600000,650000.0,8.0,1 BHK
2018.0,Al Hebiah Fourth,2.0,75202.0,30000,120000,892170.0,8.0,2 BHK
2018.0,Al Hebiah Fourth,3.0,105000.0,75000,207000,1050000.0,10.0,3 BHK
2018.0,Al Hebiah Second,0.0,40000.0,35000,55000,262500.0,15.0,Studio
2018.0,Al Hebiah Second,1.0,80000.0,45000,80000,385000.0,21.0,1 BHK
2018.0,Al Hebiah Second,2.0,80000.0,50000,110000,607093.5,13.0,2 BHK
2018.0,Al Hebiah Second,3.0,95500.0,75000,150000,687600.0,14.0,3 BHK
2018.0,Al Hebiah Third,0.0,41000.0,30000,60000,573000.0,7.0,Studio
2018.0,Al Hebiah Third,1.0,65000.0,45000,95000,605755.0,11.0,1 BHK
2018.0,Al Hebiah Third,2.0,105000.0,33000,139500,1505420.0,7.0,2 BHK
2018.0,Al Hebiah Third,3.0,140000.0,90000,230000,1854170.0,8.0,3 BHK
2018.0,Al Jadaf,0.0,60000.0,40000,85000,609442.0,10.0,Studio
2018.0,Al Jadaf,1.0,65000.0,10000,300000,1084348.0,6.0,1 BHK
2018.0,Al Jadaf,2.0,85000.0,1,495000,1547050.0,5.0,2 BHK
2018.0,Al Jadaf,3.0,140000.0,5000,447594,2496084.0,6.0,3 BHK
2018.0,Al Jadaf,4.0,277500.0,160000,410000,5925000.0,5.0,4 BHK
2018.0,Al Kheeran,0.0,37000.0,30000,48000,762875.0,5.0,Studio
2018.0,Al Kheeran,1.0,50000.0,15000,125000,1639500.0,3.0,1 BHK
2018.0,Al Kheeran,2.0,124156.0,1,167700,2175000.0,6.0,2 BHK
2018.0,Al Kheeran,3.0,173000.0,80000,240000,2550000.0,7.0,3 BHK
2018.0,Al Kheeran,4.0,231000.0,185000,300000,2250000.0,10.0,4 BHK
2018.0,Al Merkadh,1.0,66000.0,66000,66000,1003828.0,7.0,1 BHK
2018.0,Al Merkadh,2.0,84461.5,72000,96923,1623439.0,5.0,2 BHK
2018.0,Al Merkadh,3.0,285000.0,180000,390000,2660696.0,11.0,3 BHK
2018.0,Al Merkadh,4.0,330000.0,299169,360000,5056994.5,7.0,4 BHK
2018.0,Al Qusais Industrial Fourth,1.0,45490.0,19840,57000,413000.0,11.0,1 BHK
2018.0,Al Qusais Industrial Fourth,2.0,63500.0,15000,85000,539000.0,12.0,2 BHK
2018.0,Al Safouh First,0.0,53000.0,40615,68571,422125.0,13.0,Studio
2018.0,Al Safouh First,1.0,70000.0,50000,94000,840000.0,8.0,1 BHK
2018.0,Al Safouh First,2.0,93856.5,73846,130000,1200000.0,8.0,2 BHK
2018.0,Al Safouh First,3.0,156923.0,93500,180000,1600000.0,10.0,3 BHK
2018.0,Al Thanyah Fifth,0.0,50000.0,24000,610312,600000.0,8.0,Studio
2018.0,Al Thanyah Fifth,1.0,70000.0,10000,1000000,820000.0,9.0,1 BHK
2018.0,Al Thanyah Fifth,2.0,100000.0,12000,315000,1220000.0,8.0,2 BHK
2018.0,Al Thanyah Fifth,3.0,165000.0,25000,278250,1750000.0,9.0,3 BHK
2018.0,Al Thanyah Fifth,4.0,219410.0,2000,450000,740000.0,30.0,4 BHK
2018.0,Al Thanyah First,0.0,50000.0,38000,120540,731000.0,7.0,Studio
2018.0,Al Thanyah First,1.0,65000.0,20000,1270000,822986.5,8.0,1 BHK
2018.0,Al Thanyah First,2.0,89306.5,20000,9408000,1084586.5,8.0,2 BHK
2018.0,Al Thanyah First,3.0,112000.0,60000,9408000,1800000.0,6.0,3 BHK
2018.0,Al Thanyah Third,0.0,54000.0,42000,75000,640000.0,8.0,Studio
2018.0,Al Thanyah Third,1.0,80000.0,35000,228000,897500.0,9.0,1 BHK
2018.0,Al Thanyah Third,2.0,125000.0,59919,235000,1473500.0,8.0,2 BHK
2018.0,Al Thanyah Third,3.0,172500.0,47118,350000,1650000.0,10.0,3 BHK
2018.0,Al Thanyah Third,4.0,282857.0,145000,520000,1975000.0,14.0,4 BHK
2018.0,Al Warsan First,0.0,29000.0,3835,2006756,315000.0,9.0,Studio
2018.0,Al Warsan First,1.0,40000.0,2000,2006756,440000.0,9.0,1 BHK
2018.0,Al Warsan First,2.0,55000.0,12000,2006756,752000.0,7.0,2 BHK
2018.0,Al Warsan First,3.0,85000.0,40000,125000,810000.0,10.0,3 BHK
2018.0,Al Wasl,1.0,123617.0,41927,220000,1816257.0,7.0,1 BHK
2018.0,Al Wasl,2.0,121387.0,48000,250000,2588927.0,5.0,2 BHK
2018.0,Al Wasl,3.0,193846.0,50000,400000,3430317.5,6.0,3 BHK
2018.0,Al Wasl,4.0,225000.0,75000,500000,5042983.0,4.0,4 BHK
2018.0,Al Yelayiss 2,1.0,52500.0,50000,60000,580388.0,9.0,1 BHK
2018.0,Al Yelayiss 2,2.0,69000.0,55000,90000,864888.0,8.0,2 BHK
2018.0,Al Yelayiss 2,3.0,105000.0,57000,145000,1015458.0,10.0,3 BHK
2018.0,Burj Khalifa,0.0,60500.0,36000,150000,950000.0,6.0,Studio
2018.0,Burj Khalifa,1.0,92000.0,22737,900000,1368944.0,7.0,1 BHK
2018.0,Burj Khalifa,2.0,140000.0,1000,600000,2305388.0,6.0,2 BHK
2018.0,Burj Khalifa,3.0,205000.0,24000,500000,3435000.0,6.0,3 BHK
2018.0,Burj Khalifa,4.0,520000.0,225000,950000,7500000.0,7.0,4 BHK
2018.0,Business Bay,0.0,60000.0,12973,140000,771904.0,8.0,Studio
2018.0,Business Bay,1.0,77000.0,9000,450000,823000.0,9.0,1 BHK
2018.0,Business Bay,2.0,110000.0,9970,550000,1334000.0,8.0,2 BHK
2018.0,Business Bay,3.0,150000.0,1000,300000,2144000.0,7.0,3 BHK
2018.0,Business Bay,4.0,237500.0,120000,600000,34000000.0,1.0,4 BHK
2018.0,Dubai Investment Park First,0.0,92217.5,14400,1891080,364613.5,25.0,Studio
2018.0,Dubai Investment Park First,1.0,396000.0,6000,12960000,649718.0,61.0,1 BHK
2018.0,Dubai Investment Park First,2.0,70000.0,10000,12960000,1162500.0,6.0,2 BHK
2018.0,Dubai Investment Park First,3.0,165000.0,48738,775000,1200000.0,14.0,3 BHK
2018.0,Dubai Investment Park Second,0.0,40000.0,13200,5362942,380000.0,11.0,Studio
2018.0,Dubai Investment Park Second,1.0,375912.0,14400,43000000,530250.0,71.0,1 BHK
2018.0,Dubai Investment Park Second,2.0,78000.0,28494,5000000,800000.0,10.0,2 BHK
2018.0,Dubai Investment Park Second,3.0,5000000.0,85000,5000000,1118750.0,447.0,3 BHK
2018.0,Hessyan First,0.0,37851.0,32000,42000,355685.0,11.0,Studio
2018.0,Hessyan First,1.0,45000.0,38000,65000,776000.0,6.0,1 BHK
2018.0,Hessyan First,2.0,63500.0,50000,81000,600000.0,11.0,2 BHK
2018.0,Hessyan First,3.0,90112.0,69231,160000,1549210.0,6.0,3 BHK
2018.0,Jabal Ali,1.0,60375.0,60375,60375,580000.0,10.0,1 BHK
2018.0,Jabal Ali First,0.0,39600.0,10000,8033595,518396.0,8.0,Studio
2018.0,Jabal Ali First,1.0,58000.0,10000,8033595,663650.0,9.0,1 BHK
2018.0,Jabal Ali First,2.0,69126.0,17100,342000,1041368.0,7.0,2 BHK
2018.0,Jabal Ali First,3.0,115000.0,12000,1330000,1237800.0,9.0,3 BHK
2018.0,Jabal Ali Industrial Second,0.0,32500.0,26000,39000,489872.0,7.0,Studio
2018.0,Jabal Ali Industrial Second,1.0,49433.0,36000,67200,757959.5,7.0,1 BHK
2018.0,Jabal Ali Industrial Second,2.0,67500.0,50000,80000,1209615.0,6.0,2 BHK
2018.0,Jabal Ali Industrial Second,3.0,75000.0,73000,85000,806300.0,9.0,3 BHK
2018.0,Jumeirah First,1.0,71500.0,42000,118555,2734000.0,3.0,1 BHK
2018.0,Jumeirah First,2.0,95000.0,18396,210576,3963000.0,2.0,2 BHK
2018.0,Jumeirah First,3.0,170000.0,35000,600000,4863000.0,3.0,3 BHK
2018.0,Jumeirah First,4.0,215555.0,22286,1100000,17200000.0,1.0,4 BHK
2018.0,Madinat Al Mataar,0.0,34000.0,30000,40000,385000.0,9.0,Studio
2018.0,Madinat Al Mataar,1.0,48500.0,40000,54000,511069.5,9.0,1 BHK
2018.0,Madinat Al Mataar,2.0,48000.0,48000,48000,931888.0,5.0,2 BHK
2018.0,Marsa Dubai,0.0,55125.0,12000,101500,752360.0,7.0,Studio
2018.0,Marsa Dubai,1.0,80002.0,13000,600000,1153875.0,7.0,1 BHK
2018.0,Marsa Dubai,2.0,120000.0,20000,1200000,1687500.0,7.0,2 BHK
2018.0,Marsa Dubai,3.0,160000.0,20000,400000,2450000.0,7.0,3 BHK
2018.0,Marsa Dubai,4.0,205700.0,5000,900000,3260000.0,6.0,4 BHK
2018.0,Me'Aisem First,0.0,33000.0,7151,250000,355000.0,9.0,Studio
2018.0,Me'Aisem First,1.0,47500.0,25000,330000,529875.0,9.0,1 BHK
2018.0,Me'Aisem First,2.0,65500.0,10000,166000,928077.0,7.0,2 BHK
2018.0,Me'Aisem First,3.0,105000.0,29911,530000,1180000.0,9.0,3 BHK
2018.0,Mirdif,0.0,45666.0,35000,53000,575000.0,8.0,Studio
2018.0,Mirdif,1.0,60638.0,11137,3741165,745000.0,8.0,1 BHK
2018.0,Mirdif,2.0,79515.0,418,3741165,1357110.0,6.0,2 BHK
2018.0,Mirdif,3.0,105000.0,10000,3741165,2003635.0,5.0,3 BHK
2018.0,Nad Al Shiba First,1.0,69500.0,60000,92000,615399.0,11.0,1 BHK
2018.0,Nad Al Shiba First,2.0,110000.0,85000,145000,1135283.0,10.0,2 BHK
2018.0,Nad Al Shiba First,3.0,150000.0,110000,240000,1767000.0,8.0,3 BHK
2018.0,Nadd Hessa,0.0,38005.0,7500,11580000,377562.5,10.0,Studio
2018.0,Nadd Hessa,1.0,53000.0,5000,11580000,570000.0,9.0,1 BHK
2018.0,Nadd Hessa,2.0,75000.0,5000,11580000,900000.0,8.0,2 BHK
2018.0,Nadd Hessa,3.0,156923.0,1000,12610000,870000.0,18.0,3 BHK
2018.0,Nadd Hessa,4.0,161538.0,162,11580000,1300000.0,12.0,4 BHK
2018.0,Palm Jumeirah,0.0,70000.0,40500,132000,847640.0,8.0,Studio
2018.0,Palm Jumeirah,1.0,115000.0,13000,300843,1637640.5,7.0,1 BHK
2018.0,Palm Jumeirah,2.0,145000.0,16154,1000000,2068720.0,7.0,2 BHK
2018.0,Palm Jumeirah,3.0,190000.0,4662,750000,2700000.0,7.0,3 BHK
2018.0,Palm Jumeirah,4.0,350000.0,100000,800000,7150000.0,5.0,4 BHK
2018.0,Rega Al Buteen,2.0,80000.0,30000,145000,1400000.0,6.0,2 BHK
2018.0,Rega Al Buteen,3.0,113558.0,64446,170000,1504595.0,8.0,3 BHK
2018.0,Saih Shuaib 2,0.0,25000.0,25000,25000,453200.0,6.0,Studio
2018.0,Saih Shuaib 2,1.0,256000.0,20000,1718000,425000.0,60.0,1 BHK
2018.0,Saih Shuaib 2,2.0,310000.0,54545,1718000,845880.0,37.0,2 BHK
2018.0,Trade Center Second,1.0,79600.0,47077,128597,1500000.0,5.0,1 BHK
2018.0,Trade Center Second,2.0,100000.0,9241,320000,1790000.0,6.0,2 BHK
2018.0,Trade Center Second,3.0,120000.0,50000,285000,3700000.0,3.0,3 BHK
2018.0,Trade Center Second,4.0,236250.0,180000,360000,4000000.0,6.0,4 BHK
2018.0,Um Hurair Second,0.0,65000.0,62000,70000,1600555.0,4.0,Studio
2018.0,Um Hurair Second,1.0,69939.5,54000,87000,2042890.0,3.0,1 BHK
2018.0,Um Hurair Second,2.0,93384.0,15308,184342,2950000.0,3.0,2 BHK
2018.0,Um Suqaim Third,1.0,83000.0,39996,88200,1375000.0,6.0,1 BHK
2018.0,Um Suqaim Third,2.0,130000.0,14000,143376,2390000.0,5.0,2 BHK
2018.0,Wadi Al Safa 2,0.0,40000.0,32000,42000,444186.0,9.0,Studio
2018.0,Wadi Al Safa 2,1.0,44000.0,25000,65367,497000.0,9.0,1 BHK
2018.0,Wadi Al Safa 2,2.0,65000.0,40000,650000,679300.0,10.0,2 BHK
2018.0,Wadi Al Safa 2,3.0,95000.0,64286,170000,1000000.0,10.0,3 BHK
2018.0,Wadi Al Safa 3,0.0,34286.0,24000,80000,356500.0,10.0,Studio
2018.0,Wadi Al Safa 3,1.0,54000.0,37000,930000,619338.5,9.0,1 BHK
2018.0,Wadi Al Safa 3,2.0,7808293.0,34000,15500000,1000000.0,781.0,2 BHK
2018.0,Wadi Al Safa 3,3.0,7808293.0,57000,15500000,1204671.5,648.0,3 BHK
2018.0,Wadi Al Safa 3,4.0,130000.0,102857,650000,1622302.5,8.0,4 BHK
2018.0,Wadi Al Safa 5,0.0,35000.0,16341,48000,333490.5,10.0,Studio
2018.0,Wadi Al Safa 5,1.0,47000.0,21000,1455943,382481.0,12.0,1 BHK
2018.0,Wadi Al Safa 5,2.0,60000.0,20000,1455943,606075.0,10.0,2 BHK
2018.0,Wadi Al Safa 7,0.0,50000.0,40000,52000,449782.5,11.0,Studio
2018.0,Wadi Al Safa 7,1.0,64000.0,62000,70399,661550.0,10.0,1 BHK
2018.0,Wadi Al Safa 7,2.0,97225.0,73705,1065244,1081825.0,9.0,2 BHK
2018.0,Warsan Fourth,0.0,32000.0,15500,2700000,350000.0,9.0,Studio
2018.0,Warsan Fourth,1.0,45000.0,2500,16200000,450000.0,10.0,1 BHK
2018.0,Warsan Fourth,2.0,57000.0,40000,1008000,525000.0,11.0,2 BHK
2017.0,Al Barsha First,0.0,50400.0,15000,1000538,823388.0,6.0,Studio
2017.0,Al Barsha First,1.0,69000.0,1,5200000,1051888.0,7.0,1 BHK
2017.0,Al Barsha First,2.0,90000.0,34867,5200000,1537888.0,6.0,2 BHK
2017.0,Al Barsha South Fifth,0.0,45000.0,40000,62000,568520.0,8.0,Studio
2017.0,Al Barsha South Fifth,1.0,90000.0,30000,125000,787000.0,11.0,1 BHK
2017.0,Al Barsha South Fifth,2.0,140000.0,100,220000,1204252.0,12.0,2 BHK
2017.0,Al Barsha South Fifth,3.0,142500.0,109705,175000,1650000.0,9.0,3 BHK
2017.0,Al Barsha South Fourth,0.0,45000.0,28000,72000,445000.0,10.0,Studio
2017.0,Al Barsha South Fourth,1.0,65000.0,25000,408000,754618.0,9.0,1 BHK
2017.0,Al Barsha South Fourth,2.0,95000.0,26000,608077,1204000.0,8.0,2 BHK
2017.0,Al Barsha South Fourth,3.0,130000.0,75000,275000,1638000.0,8.0,3 BHK
2017.0,Al Barsha South Fourth,4.0,145000.0,50000,275000,1950000.0,7.0,4 BHK
2017.0,Al Barshaa South Third,0.0,45000.0,30000,1430000,495000.0,9.0,Studio
2017.0,Al Barshaa South Third,1.0,63500.0,36000,1430000,830000.0,8.0,1 BHK
2017.0,Al Barshaa South Third,2.0,82000.0,51500,1430000,1100000.0,7.0,2 BHK
2017.0,Al Barshaa South Third,3.0,1430000.0,99000,1430000,1593458.0,90.0,3 BHK
2017.0,Al Goze Fourth,0.0,25425.0,7667,50000,512383.5,5.0,Studio
2017.0,Al Goze Fourth,1.0,38115.0,12000,72000,816150.0,5.0,1 BHK
2017.0,Al Goze Fourth,2.0,49610.0,15333,112000,1197250.0,4.0,2 BHK
2017.0,Al Goze Fourth,3.0,70000.0,19658,180000,1528450.0,5.0,3 BHK
2017.0,Al Goze Fourth,4.0,175000.0,150000,195000,2006871.0,9.0,4 BHK
2017.0,Al Hebiah Fifth,0.0,43590.0,21840,4710360,420000.0,10.0,Studio
2017.0,Al Hebiah Fifth,1.0,56970.0,14427,4710360,627500.0,9.0,1 BHK
2017.0,Al Hebiah Fifth,2.0,80000.0,41500,4710360,880000.0,9.0,2 BHK
2017.0,Al Hebiah Fifth,3.0,110000.0,57500,134000,1179876.5,9.0,3 BHK
2017.0,Al Hebiah First,0.0,55192.5,47000,63000,577600.0,10.0,Studio
2017.0,Al Hebiah First,1.0,75000.0,34729,256000,850000.0,9.0,1 BHK
2017.0,Al Hebiah First,2.0,110000.0,50000,147000,1295000.0,8.0,2 BHK
2017.0,Al Hebiah First,3.0,151500.0,73000,245000,1865000.0,8.0,3 BHK
2017.0,Al Hebiah Fourth,0.0,44000.0,18000,96000,470000.0,9.0,Studio
2017.0,Al Hebiah Fourth,1.0,63668.0,16667,180000,700000.0,9.0,1 BHK
2017.0,Al Hebiah Fourth,2.0,85000.0,29917,125000,1000000.0,8.0,2 BHK
2017.0,Al Hebiah Fourth,3.0,140000.0,67500,240000,1340000.0,10.0,3 BHK
2017.0,Al Hebiah Second,0.0,47000.0,42000,51600,244650.0,19.0,Studio
2017.0,Al Hebiah Second,1.0,80000.0,60000,80000,370300.0,22.0,1 BHK
2017.0,Al Hebiah Second,2.0,110000.0,80000,110000,1078066.0,10.0,2 BHK
2017.0,Al Hebiah Second,3.0,150000.0,8000,150000,683715.0,22.0,3 BHK
2017.0,Al Hebiah Sixth,3.0,180000.0,100000,215000,1896500.0,9.0,3 BHK
2017.0,Al Hebiah Third,0.0,49000.0,36000,59000,662000.0,7.0,Studio
2017.0,Al Hebiah Third,1.0,72000.0,55000,86000,614790.0,12.0,1 BHK
2017.0,Al Hebiah Third,2.0,114000.0,95000,139500,1736322.0,7.0,2 BHK
2017.0,Al Hebiah Third,3.0,149000.0,130000,180000,2373000.0,6.0,3 BHK
2017.0,Al Jadaf,0.0,72000.0,48000,90000,632302.0,11.0,Studio
2017.0,Al Jadaf,1.0,65000.0,44000,350000,1167553.0,6.0,1 BHK
2017.0,Al Jadaf,2.0,98000.0,63000,300000,1725000.0,6.0,2 BHK
2017.0,Al Jadaf,3.0,160000.0,9991,350000,2500000.0,6.0,3 BHK
2017.0,Al Jadaf,4.0,295000.0,138462,410000,7615500.0,4.0,4 BHK
2017.0,Al Kheeran,1.0,50000.0,15000,136500,1723000.0,3.0,1 BHK
2017.0,Al Kheeran,2.0,127188.0,30000,170000,2135000.0,6.0,2 BHK
2017.0,Al Kheeran,3.0,185000.0,12500,250000,2803000.0,7.0,3 BHK
2017.0,Al Qusais Industrial Fourth,0.0,38550.0,30000,975000,413506.5,9.0,Studio
2017.0,Al Qusais Industrial Fourth,1.0,50000.0,26500,68047,517580.0,10.0,1 BHK
2017.0,Al Qusais Industrial Fourth,2.0,65047.0,47000,975000,815687.5,8.0,2 BHK
2017.0,Al Qusais Industrial Fourth,3.0,97500.0,80000,975000,1625221.5,6.0,3 BHK
2017.0,Al Safouh First,0.0,55000.0,50000,70000,636000.0,9.0,Studio
2017.0,Al Safouh First,1.0,70000.0,50000,105000,1106000.0,6.0,1 BHK
2017.0,Al Safouh First,2.0,103500.0,80000,135000,1577244.0,7.0,2 BHK
2017.0,Al Safouh First,3.0,160000.0,93500,190000,2362500.0,7.0,3 BHK
2017.0,Al Thanyah Fifth,0.0,60000.0,24000,580000,665000.0,9.0,Studio
2017.0,Al Thanyah Fifth,1.0,80000.0,8500,158039,960000.0,8.0,1 BHK
2017.0,Al Thanyah Fifth,2.0,115000.0,1000,356967,1365272.0,8.0,2 BHK
2017.0,Al Thanyah Fifth,3.0,180000.0,30000,300000,1851710.0,10.0,3 BHK
2017.0,Al Thanyah Fifth,4.0,250000.0,15000,760000,2463000.0,10.0,4 BHK
2017.0,Al Thanyah First,0.0,53000.0,43000,222391,616000.0,9.0,Studio
2017.0,Al Thanyah First,1.0,70000.0,17280,9233333,1094075.5,6.0,1 BHK
2017.0,Al Thanyah First,2.0,90956.0,24000,9408000,1372693.0,7.0,2 BHK
2017.0,Al Thanyah First,3.0,115000.0,1,9408000,2250000.0,5.0,3 BHK
2017.0,Al Thanyah Third,0.0,62000.0,43000,80000,740000.0,8.0,Studio
2017.0,Al Thanyah Third,1.0,85000.0,50000,330000,1050000.0,8.0,1 BHK
2017.0,Al Thanyah Third,2.0,135000.0,10000,204000,1650000.0,8.0,2 BHK
2017.0,Al Thanyah Third,3.0,185000.0,73230,280000,1950000.0,9.0,3 BHK
2017.0,Al Thanyah Third,4.0,286154.0,60000,520000,2764875.0,10.0,4 BHK
2017.0,Al Warsan First,0.0,32000.0,3300,1911192,335000.0,10.0,Studio
2017.0,Al Warsan First,1.0,44000.0,2500,1911192,458500.0,10.0,1 BHK
2017.0,Al Warsan First,2.0,57000.0,20000,1911192,700574.0,8.0,2 BHK
2017.0,Al Warsan First,3.0,92654.0,45000,1080000,800000.0,12.0,3 BHK
2017.0,Al Wasl,1.0,115000.0,41927,385714,1750605.0,7.0,1 BHK
2017.0,Al Wasl,2.0,88000.0,50000,242633,2737000.0,3.0,2 BHK
2017.0,Al Wasl,3.0,165000.0,70000,400000,3385221.0,5.0,3 BHK
2017.0,Al Wasl,4.0,235000.0,60000,600000,5040491.5,5.0,4 BHK
2017.0,Al Yelayiss 2,3.0,120000.0,110000,125000,1303388.0,9.0,3 BHK
2017.0,Al Yelayiss 2,4.0,135000.0,129282,145000,2140888.0,6.0,4 BHK
2017.0,Burj Khalifa,0.0,70000.0,40000,180000,1037500.0,7.0,Studio
2017.0,Burj Khalifa,1.0,105000.0,15000,248663,1496069.0,7.0,1 BHK
2017.0,Burj Khalifa,2.0,155000.0,50000,1560000,2386888.0,6.0,2 BHK
2017.0,Burj Khalifa,3.0,240000.0,85000,520000,3745888.0,6.0,3 BHK
2017.0,Burj Khalifa,4.0,340000.0,275000,950000,5300000.0,6.0,4 BHK
2017.0,Business Bay,0.0,65000.0,30000,1080000,748153.5,9.0,Studio
2017.0,Business Bay,1.0,86000.0,20000,196941,1083000.0,8.0,1 BHK
2017.0,Business Bay,2.0,120000.0,10000,387500,1461855.0,8.0,2 BHK
2017.0,Business Bay,3.0,163471.0,14000,335000,2993277.5,5.0,3 BHK
2017.0,Business Bay,4.0,244138.0,69792,750000,8942000.0,3.0,4 BHK
2017.0,Dubai Investment Park First,0.0,40200.0,12000,1728000,326500.0,12.0,Studio
2017.0,Dubai Investment Park First,1.0,432000.0,5000,10000000,558000.0,77.0,1 BHK
2017.0,Dubai Investment Park First,2.0,73000.0,20000,10000000,1312500.0,6.0,2 BHK
2017.0,Dubai Investment Park First,3.0,177500.0,50000,235000,1888125.0,9.0,3 BHK
2017.0,Dubai Investment Park First,4.0,220000.0,120000,300000,1900000.0,12.0,4 BHK
2017.0,Dubai Investment Park Second,0.0,115200.0,12000,5362942,425000.0,27.0,Studio
2017.0,Dubai Investment Park Second,1.0,1008000.0,14400,5362942,600000.0,168.0,1 BHK
2017.0,Dubai Investment Park Second,2.0,90000.0,40000,1575420,1055000.0,9.0,2 BHK
2017.0,Dubai Investment Park Second,3.0,132500.0,110000,165000,1303076.0,10.0,3 BHK
2017.0,Hessyan First,0.0,42000.0,36000,44000,688700.0,6.0,Studio
2017.0,Hessyan First,1.0,52000.0,13110,64000,798030.0,7.0,1 BHK
2017.0,Hessyan First,2.0,74000.0,65000,97500,897470.0,8.0,2 BHK
2017.0,Hessyan First,3.0,97500.0,70000,173333,978500.0,10.0,3 BHK
2017.0,Jabal Ali,1.0,60375.0,60375,60375,700000.0,9.0,1 BHK
2017.0,Jabal Ali First,0.0,44100.0,5250,8033595,515929.0,9.0,Studio
2017.0,Jabal Ali First,1.0,60638.0,10000,8033595,811133.0,7.0,1 BHK
2017.0,Jabal Ali First,2.0,69127.0,14250,2822115,1188726.0,6.0,2 BHK
2017.0,Jabal Ali First,3.0,122327.0,10000,230000,1549998.0,8.0,3 BHK
2017.0,Jabal Ali Industrial Second,0.0,38750.0,34000,43500,496105.0,8.0,Studio
2017.0,Jabal Ali Industrial Second,1.0,56000.0,25000,72000,667500.0,8.0,1 BHK
2017.0,Jabal Ali Industrial Second,2.0,75000.0,55000,90000,1165514.0,6.0,2 BHK
2017.0,Jabal Ali Industrial Second,3.0,97500.0,85000,110000,1348500.0,7.0,3 BHK
2017.0,Jumeirah First,1.0,70000.0,37000,150000,2562000.0,3.0,1 BHK
2017.0,Jumeirah First,3.0,181912.0,35000,420200,4885500.0,4.0,3 BHK
2017.0,Madinat Al Mataar,0.0,37000.0,35000,40000,348950.0,11.0,Studio
2017.0,Madinat Al Mataar,1.0,55000.0,40000,60000,555500.0,10.0,1 BHK
2017.0,Madinat Dubai Almelaheyah,0.0,5000.0,5000,5000,963545.0,1.0,Studio
2017.0,Marsa Dubai,0.0,65000.0,17000,120000,705000.0,9.0,Studio
2017.0,Marsa Dubai,1.0,90416.0,8000,600000,1200000.0,8.0,1 BHK
2017.0,Marsa Dubai,2.0,130000.0,30000,950000,1800000.0,7.0,2 BHK
2017.0,Marsa Dubai,3.0,171000.0,50000,450000,2605000.0,7.0,3 BHK
2017.0,Marsa Dubai,4.0,225000.0,10000,850000,3950000.0,6.0,4 BHK
2017.0,Me'Aisem First,0.0,37500.0,4600,85000,410000.0,9.0,Studio
2017.0,Me'Aisem First,1.0,53000.0,10000,630000,683068.5,8.0,1 BHK
2017.0,Me'Aisem First,2.0,73000.0,24590,630000,1055442.0,7.0,2 BHK
2017.0,Me'Aisem First,3.0,110000.0,60000,630000,1550000.0,7.0,3 BHK
2017.0,Me'Aisem First,4.0,300000.0,60000,396000,2256500.0,13.0,4 BHK
2017.0,Mirdif,0.0,47832.5,21648,58000,650000.0,7.0,Studio
2017.0,Mirdif,1.0,60000.0,34000,3741165,920000.0,7.0,1 BHK
2017.0,Mirdif,2.0,79980.0,20000,3741165,1450000.0,6.0,2 BHK
2017.0,Mirdif,3.0,110250.0,130,3741165,2016534.0,5.0,3 BHK
2017.0,Mirdif,4.0,131141.5,5000,1474000,4038631.5,3.0,4 BHK
2017.0,Nad Al Shiba,2.0,91980.0,91980,91980,870000.0,11.0,2 BHK
2017.0,Nad Al Shiba First,1.0,73000.0,7000,90000,954000.0,8.0,1 BHK
2017.0,Nad Al Shiba First,2.0,120000.0,98799,150000,1680000.0,7.0,2 BHK
2017.0,Nad Al Shiba First,3.0,170000.0,150000,220000,2250000.0,8.0,3 BHK
2017.0,Nad Al Shiba First,4.0,212500.0,175000,720000,1712832.0,12.0,4 BHK
2017.0,Nadd Hessa,0.0,42000.0,20000,13220000,400000.0,10.0,Studio
2017.0,Nadd Hessa,1.0,58000.0,500,13220000,600000.0,10.0,1 BHK
2017.0,Nadd Hessa,2.0,80000.0,10000,13220000,981792.0,8.0,2 BHK
2017.0,Nadd Hessa,3.0,154286.0,5000,13220000,1425000.0,11.0,3 BHK
2017.0,Palm Jumeirah,0.0,80000.0,5000,100000,1102500.0,7.0,Studio
2017.0,Palm Jumeirah,1.0,125000.0,100,230000,1826500.0,7.0,1 BHK
2017.0,Palm Jumeirah,2.0,160000.0,10000,1000000,2289500.0,7.0,2 BHK
2017.0,Palm Jumeirah,3.0,200000.0,30000,800000,2925000.0,7.0,3 BHK
2017.0,Palm Jumeirah,4.0,400000.0,31250,780000,9474164.0,4.0,4 BHK
2017.0,Rega Al Buteen,1.0,113942.5,60000,7250000,900000.0,13.0,1 BHK
2017.0,Rega Al Buteen,2.0,85000.0,30000,7250000,1275000.0,7.0,2 BHK
2017.0,Rega Al Buteen,3.0,105270.0,25000,175000,1875000.0,6.0,3 BHK
2017.0,Saih Shuaib 2,1.0,65000.0,40000,4260000,390000.0,17.0,1 BHK
2017.0,Saih Shuaib 2,2.0,4260000.0,50000,4260000,550000.0,775.0,2 BHK
2017.0,Trade Center Second,1.0,80000.0,64615,140000,1200000.0,7.0,1 BHK
2017.0,Trade Center Second,2.0,105000.0,40000,325000,2412920.0,4.0,2 BHK
2017.0,Trade Center Second,3.0,128820.0,75000,550000,3006250.0,4.0,3 BHK
2017.0,Trade Center Second,4.0,241500.0,182366,360000,4500000.0,5.0,4 BHK
2017.0,Um Hurair Second,0.0,110000.0,65000,110000,1399625.0,8.0,Studio
2017.0,Um Hurair Second,1.0,69576.0,54000,139000,2568555.0,3.0,1 BHK
2017.0,Um Hurair Second,2.0,88936.0,40158,326340,4904555.0,2.0,2 BHK
2017.0,Um Hurair Second,3.0,190000.0,132000,262000,7604000.0,2.0,3 BHK
2017.0,Wadi Al Safa 2,0.0,39500.0,36500,44000,313880.0,13.0,Studio
2017.0,Wadi Al Safa 2,1.0,48000.0,19726,92673,487500.0,10.0,1 BHK
2017.0,Wadi Al Safa 2,2.0,67818.0,42000,148000,738180.5,9.0,2 BHK
2017.0,Wadi Al Safa 2,3.0,95000.0,30000,1299999,1022774.0,9.0,3 BHK
2017.0,Wadi Al Safa 2,4.0,160000.0,30000,200000,870000.0,18.0,4 BHK
2017.0,Wadi Al Safa 3,0.0,39500.0,20000,65000,417783.5,9.0,Studio
2017.0,Wadi Al Safa 3,1.0,57500.0,38177,2116000,700000.0,8.0,1 BHK
2017.0,Wadi Al Safa 3,2.0,77000.0,40000,2116000,1049026.0,7.0,2 BHK
2017.0,Wadi Al Safa 3,3.0,90000.0,59000,150000,1450000.0,6.0,3 BHK
2017.0,Wadi Al Safa 3,4.0,130000.0,100000,385000,2750000.0,5.0,4 BHK
2017.0,Wadi Al Safa 5,0.0,39100.0,10000,9661125,390000.0,10.0,Studio
2017.0,Wadi Al Safa 5,1.0,55000.0,22059,9661125,567500.0,10.0,1 BHK
2017.0,Wadi Al Safa 5,2.0,68250.0,25000,9661125,713000.0,10.0,2 BHK
2017.0,Wadi Al Safa 5,3.0,170000.0,99732,300000,1420000.0,12.0,3 BHK
2017.0,Wadi Al Safa 7,1.0,63000.0,62000,65000,660000.0,10.0,1 BHK
2017.0,Wadi Al Safa 7,2.0,96510.0,73705,125040,1285283.5,8.0,2 BHK
2017.0,Warsan Fourth,0.0,35000.0,15000,5500000,375000.0,9.0,Studio
2017.0,Warsan Fourth,1.0,47000.0,21500,5500000,595000.0,8.0,1 BHK
2017.0,Warsan Fourth,2.0,58000.0,25000,215000,672700.0,9.0,2 BHK
2016.0,Al Barsha South Fifth,0.0,50000.0,40000,65000,460800.0,11.0,Studio
2016.0,Al Barsha South Fifth,1.0,100000.0,55000,150000,750000.0,13.0,1 BHK
2016.0,Al Barsha South Fifth,2.0,150000.0,23333,235000,1151326.0,13.0,2 BHK
2016.0,Al Barsha South Fifth,3.0,150000.0,117000,200000,2057319.0,7.0,3 BHK
2016.0,Al Barsha South Fourth,0.0,45000.0,19980,71940,470609.5,10.0,Studio
2016.0,Al Barsha South Fourth,1.0,65000.0,19333,122000,694055.0,9.0,1 BHK
2016.0,Al Barsha South Fourth,2.0,100000.0,29000,215000,1110760.0,9.0,2 BHK
2016.0,Al Barsha South Fourth,3.0,135000.0,25000,280000,1396500.0,10.0,3 BHK
2016.0,Al Barsha South Fourth,4.0,154000.0,12000,210000,2110000.0,7.0,4 BHK
2016.0,Al Barshaa South Second,2.0,130000.0,130000,130000,1315897.0,10.0,2 BHK
2016.0,Al Barshaa South Third,0.0,50000.0,18000,84000,480000.0,10.0,Studio
2016.0,Al Barshaa South Third,1.0,63500.0,20000,417000,765500.0,8.0,1 BHK
2016.0,Al Barshaa South Third,2.0,84000.0,51500,817000,1135977.0,7.0,2 BHK
2016.0,Al Barshaa South Third,3.0,417000.0,52000,817000,1246337.5,33.0,3 BHK
2016.0,Al Goze Fourth,0.0,25425.0,23100,35000,475302.0,5.0,Studio
2016.0,Al Goze Fourth,1.0,38115.0,33000,72000,808291.5,5.0,1 BHK
2016.0,Al Goze Fourth,2.0,48070.0,26856,100000,1132146.5,4.0,2 BHK
2016.0,Al Goze Fourth,3.0,70000.0,39315,145000,1508900.0,5.0,3 BHK
2016.0,Al Hebiah Fifth,0.0,43000.0,33396,50000,434463.0,10.0,Studio
2016.0,Al Hebiah Fifth,1.0,58000.0,26000,75000,658986.5,9.0,1 BHK
2016.0,Al Hebiah Fifth,2.0,80000.0,5000,100000,900000.0,9.0,2 BHK
2016.0,Al Hebiah Fifth,3.0,115000.0,82368,144000,1362500.0,8.0,3 BHK
2016.0,Al Hebiah First,0.0,58000.0,46500,65000,745855.0,8.0,Studio
2016.0,Al Hebiah First,1.0,78000.0,41000,95000,960000.0,8.0,1 BHK
2016.0,Al Hebiah First,2.0,115000.0,45000,191570,1325610.0,9.0,2 BHK
2016.0,Al Hebiah First,3.0,160000.0,73000,270000,1850000.0,9.0,3 BHK
2016.0,Al Hebiah Fourth,0.0,46000.0,20000,576000,485000.0,9.0,Studio
2016.0,Al Hebiah Fourth,1.0,65000.0,23000,660000,711250.0,9.0,1 BHK
2016.0,Al Hebiah Fourth,2.0,90000.0,30000,130000,1030000.0,9.0,2 BHK
2016.0,Al Hebiah Fourth,3.0,165000.0,88000,260000,1600000.0,10.0,3 BHK
2016.0,Al Hebiah Fourth,4.0,200000.0,160000,340000,1763590.0,11.0,4 BHK
2016.0,Al Hebiah Second,1.0,80000.0,80000,80000,820000.0,10.0,1 BHK
2016.0,Al Hebiah Second,2.0,110000.0,110000,110000,1105000.0,10.0,2 BHK
2016.0,Al Hebiah Second,3.0,150000.0,150000,150000,1375000.0,11.0,3 BHK
2016.0,Al Hebiah Third,1.0,90000.0,90000,90000,1131350.0,8.0,1 BHK
2016.0,Al Jadaf,0.0,80000.0,75000,90000,932000.0,9.0,Studio
2016.0,Al Jadaf,1.0,64000.0,110,125000,1324000.0,5.0,1 BHK
2016.0,Al Jadaf,2.0,85000.0,60000,270000,2123500.0,4.0,2 BHK
2016.0,Al Jadaf,3.0,170000.0,22000,310000,2942100.0,6.0,3 BHK
2016.0,Al Jadaf,4.0,250000.0,150000,375000,9000000.0,3.0,4 BHK
2016.0,Al Kheeran,0.0,36375.0,31500,50000,1115000.0,3.0,Studio
2016.0,Al Kheeran,1.0,50000.0,15000,140000,2001000.0,2.0,1 BHK
2016.0,Al Kheeran,2.0,130000.0,14422,412800,2419325.0,5.0,2 BHK
2016.0,Al Kheeran,3.0,190000.0,90000,250000,3050000.0,6.0,3 BHK
2016.0,Al Kheeran,4.0,268125.0,194774,325000,3225000.0,8.0,4 BHK
2016.0,Al Qusais Industrial Fourth,1.0,56500.0,36000,70000,480314.0,12.0,1 BHK
2016.0,Al Safouh First,0.0,60000.0,54000,60000,470000.0,13.0,Studio
2016.0,Al Safouh First,1.0,68957.0,61366,95000,1062463.0,6.0,1 BHK
2016.0,Al Safouh First,2.0,100000.0,84892,140000,1260000.0,8.0,2 BHK
2016.0,Al Safouh First,3.0,160000.0,93500,190000,3000000.0,5.0,3 BHK
2016.0,Al Safouh First,4.0,187000.0,140000,280000,8273706.0,2.0,4 BHK
2016.0,Al Thanyah Fifth,0.0,62000.0,27000,99000,575000.0,11.0,Studio
2016.0,Al Thanyah Fifth,1.0,84000.0,38000,6740000,920000.0,9.0,1 BHK
2016.0,Al Thanyah Fifth,2.0,120000.0,2399,265000,1300000.0,9.0,2 BHK
2016.0,Al Thanyah Fifth,3.0,190000.0,29822,300000,2000000.0,10.0,3 BHK
2016.0,Al Thanyah Fifth,4.0,275000.0,500,552273,2464500.0,11.0,4 BHK
2016.0,Al Thanyah First,0.0,53500.0,44000,150000,665000.0,8.0,Studio
2016.0,Al Thanyah First,1.0,70000.0,14400,1270000,1318572.0,5.0,1 BHK
2016.0,Al Thanyah First,2.0,90000.0,211,1270000,1631785.5,6.0,2 BHK
2016.0,Al Thanyah First,3.0,114000.0,70000,170000,2906235.0,4.0,3 BHK
2016.0,Al Thanyah Third,0.0,69000.0,51975,750000,700000.0,10.0,Studio
2016.0,Al Thanyah Third,1.0,88800.0,42000,240000,1020000.0,9.0,1 BHK
2016.0,Al Thanyah Third,2.0,140000.0,11030,13742446,1605000.0,9.0,2 BHK
2016.0,Al Thanyah Third,3.0,195000.0,38000,363862,2000000.0,10.0,3 BHK
2016.0,Al Thanyah Third,4.0,283000.0,32000,450000,2950000.0,10.0,4 BHK
2016.0,Al Warsan First,0.0,34000.0,3500,1826132,350000.0,10.0,Studio
2016.0,Al Warsan First,1.0,46000.0,2000,1826132,480000.0,10.0,1 BHK
2016.0,Al Warsan First,2.0,54574.0,16093,722132,700000.0,8.0,2 BHK
2016.0,Al Warsan First,3.0,69300.0,48000,103000,800000.0,9.0,3 BHK
2016.0,Al Wasl,1.0,75000.0,41927,288621,1720000.0,4.0,1 BHK
2016.0,Al Wasl,2.0,84000.0,12500,216000,2533000.0,3.0,2 BHK
2016.0,Al Wasl,3.0,140000.0,70000,400000,3261000.0,4.0,3 BHK
2016.0,Al Wasl,4.0,235000.0,60000,650000,5336000.0,4.0,4 BHK
2016.0,Burj Khalifa,0.0,75000.0,58505,567000,1000000.0,8.0,Studio
2016.0,Burj Khalifa,1.0,110000.0,45000,345000,1500000.0,7.0,1 BHK
2016.0,Burj Khalifa,2.0,160000.0,4000,700000,2550000.0,6.0,2 BHK
2016.0,Burj Khalifa,3.0,260000.0,100000,450000,4292135.0,6.0,3 BHK
2016.0,Burj Khalifa,4.0,370000.0,275000,950000,5316050.0,7.0,4 BHK
2016.0,Business Bay,0.0,75000.0,40000,112000,862400.0,9.0,Studio
2016.0,Business Bay,1.0,90000.0,27930,178800,1141974.0,8.0,1 BHK
2016.0,Business Bay,2.0,125000.0,40400,2045168,2199250.0,6.0,2 BHK
2016.0,Business Bay,3.0,163471.0,16000,335000,3742200.0,4.0,3 BHK
2016.0,Business Bay,4.0,240000.0,100000,395000,9860098.0,2.0,4 BHK
2016.0,Dubai Investment Park First,0.0,48000.0,7117,1728000,350931.0,14.0,Studio
2016.0,Dubai Investment Park First,1.0,10000000.0,9000,10000000,562000.0,1779.0,1 BHK
2016.0,Dubai Investment Park First,2.0,75000.0,20000,10000000,1140000.0,7.0,2 BHK
2016.0,Dubai Investment Park First,3.0,200000.0,50000,240000,1875000.0,11.0,3 BHK
2016.0,Dubai Investment Park First,4.0,230000.0,117500,300000,2525621.0,9.0,4 BHK
2016.0,Dubai Investment Park Second,0.0,48000.0,526,5206740,410000.0,12.0,Studio
2016.0,Dubai Investment Park Second,1.0,356400.0,526,8063400,679226.0,52.0,1 BHK
2016.0,Dubai Investment Park Second,2.0,95000.0,526,110000,1094916.0,9.0,2 BHK
2016.0,Dubai Investment Park Second,3.0,140000.0,125000,150000,1319301.0,11.0,3 BHK
2016.0,Hessyan First,0.0,42000.0,40000,42000,475725.0,9.0,Studio
2016.0,Hessyan First,1.0,55000.0,25000,60000,868400.0,6.0,1 BHK
2016.0,Hessyan First,2.0,90000.0,68000,100000,1071275.0,8.0,2 BHK
2016.0,Hessyan First,3.0,115000.0,85000,170000,1080000.0,11.0,3 BHK
2016.0,Jabal Ali,0.0,42000.0,42000,42000,480000.0,9.0,Studio
2016.0,Jabal Ali,1.0,60375.0,54500,60375,680000.0,9.0,1 BHK
2016.0,Jabal Ali First,0.0,45000.0,1437,7596199,473017.0,10.0,Studio
2016.0,Jabal Ali First,1.0,60900.0,1437,7596199,816532.0,7.0,1 BHK
2016.0,Jabal Ali First,2.0,67100.0,10688,2822115,1242663.5,5.0,2 BHK
2016.0,Jabal Ali First,3.0,125000.0,8000,600923,1551084.0,8.0,3 BHK
2016.0,Jabal Ali Industrial Second,1.0,62000.0,36097,79421,604725.0,10.0,1 BHK
2016.0,Jabal Ali Industrial Second,2.0,85000.0,75000,90000,1174234.5,7.0,2 BHK
2016.0,Jabal Ali Industrial Second,3.0,96000.0,85000,120000,1466810.0,7.0,3 BHK
2016.0,Madinat Dubai Almelaheyah,1.0,60417.5,54000,228690,2177423.0,3.0,1 BHK
2016.0,Madinat Dubai Almelaheyah,2.0,80000.0,37950,125000,3061189.0,3.0,2 BHK
2016.0,Madinat Dubai Almelaheyah,3.0,108000.0,85000,150000,4292105.0,3.0,3 BHK
2016.0,Marsa Dubai,0.0,66780.0,30000,243100,712000.0,9.0,Studio
2016.0,Marsa Dubai,1.0,95000.0,20571,600000,1176250.0,8.0,1 BHK
2016.0,Marsa Dubai,2.0,135000.0,175,300000,1870000.0,7.0,2 BHK
2016.0,Marsa Dubai,3.0,176000.0,20000,510000,2526735.0,7.0,3 BHK
2016.0,Marsa Dubai,4.0,225000.0,57000,800000,3250000.0,7.0,4 BHK
2016.0,Me'Aisem First,0.0,38500.0,20000,160000,412084.0,9.0,Studio
2016.0,Me'Aisem First,1.0,56000.0,7000,680000,631902.5,9.0,1 BHK
2016.0,Me'Aisem First,2.0,78000.0,38850,680000,927000.0,8.0,2 BHK
2016.0,Me'Aisem First,3.0,120000.0,99000,680000,1301932.0,9.0,3 BHK
2016.0,Me'Aisem First,4.0,300000.0,75000,396000,2096000.0,14.0,4 BHK
2016.0,Mirdif,0.0,50000.0,36000,62000,638672.5,8.0,Studio
2016.0,Mirdif,1.0,59396.0,29698,3564855,965018.0,6.0,1 BHK
2016.0,Mirdif,2.0,82583.0,20000,3564855,1163000.0,7.0,2 BHK
2016.0,Mirdif,3.0,115000.0,9973,3564855,1382500.0,8.0,3 BHK
2016.0,Nad Al Shiba,1.0,60000.0,60000,60000,650000.0,9.0,1 BHK
2016.0,Nad Al Shiba,2.0,87600.0,87600,87600,900000.0,10.0,2 BHK
2016.0,Nad Al Shiba First,3.0,170000.0,100000,220000,2846367.0,6.0,3 BHK
2016.0,Nadd Hessa,0.0,44000.0,23000,4701000,402474.5,11.0,Studio
2016.0,Nadd Hessa,1.0,60000.0,1,9000000,640000.0,9.0,1 BHK
2016.0,Nadd Hessa,2.0,80000.0,35000,9000000,950000.0,8.0,2 BHK
2016.0,Nadd Hessa,3.0,179025.0,19000,9000000,1202972.0,15.0,3 BHK
2016.0,Palm Jumeirah,0.0,80000.0,75000,120000,1531600.0,5.0,Studio
2016.0,Palm Jumeirah,1.0,135000.0,27692,230000,1914750.0,7.0,1 BHK
2016.0,Palm Jumeirah,2.0,165000.0,14000,1440000,2325000.0,7.0,2 BHK
2016.0,Palm Jumeirah,3.0,210000.0,55000,615000,2900000.0,7.0,3 BHK
2016.0,Palm Jumeirah,4.0,398928.0,60179,1000000,6800000.0,6.0,4 BHK
2016.0,Rega Al Buteen,1.0,120000.0,45000,3250000,937500.0,13.0,1 BHK
2016.0,Rega Al Buteen,2.0,85000.0,45688,3250000,1500000.0,6.0,2 BHK
2016.0,Rega Al Buteen,3.0,104739.0,50000,175000,1483680.0,7.0,3 BHK
2016.0,Saih Shuaib 2,1.0,68000.0,68000,68000,395000.0,17.0,1 BHK
2016.0,Trade Center Second,2.0,101833.0,24000,325000,2365500.0,4.0,2 BHK
2016.0,Trade Center Second,3.0,160000.0,4000,11880000,4745000.0,3.0,3 BHK
2016.0,Trade Center Second,4.0,235750.0,182089,353000,5610000.0,4.0,4 BHK
2016.0,Um Hurair Second,0.0,88000.0,60000,117555,1320055.0,7.0,Studio
2016.0,Um Hurair Second,1.0,69877.0,29000,127500,2590555.0,3.0,1 BHK
2016.0,Um Hurair Second,2.0,88936.0,22000,260000,4390777.5,2.0,2 BHK
2016.0,Um Hurair Second,3.0,185000.0,132000,299000,6269277.5,3.0,3 BHK
2016.0,Wadi Al Safa 2,1.0,50000.0,25000,66000,512669.0,10.0,1 BHK
2016.0,Wadi Al Safa 2,2.0,72000.0,30000,170000,774392.0,9.0,2 BHK
2016.0,Wadi Al Safa 2,3.0,150000.0,85000,200000,1121412.0,13.0,3 BHK
2016.0,Wadi Al Safa 3,0.0,41000.0,23936,48000,402912.5,10.0,Studio
2016.0,Wadi Al Safa 3,1.0,60000.0,45000,100000,728241.0,8.0,1 BHK
2016.0,Wadi Al Safa 3,2.0,80500.0,1,90000,1102552.0,7.0,2 BHK
2016.0,Wadi Al Safa 3,3.0,102500.0,64000,500000,1457598.0,7.0,3 BHK
2016.0,Wadi Al Safa 5,0.0,40000.0,16500,7500000,400000.0,10.0,Studio
2016.0,Wadi Al Safa 5,1.0,55000.0,20000,7500000,575000.0,10.0,1 BHK
2016.0,Wadi Al Safa 5,2.0,70000.0,38578,7500000,772500.0,9.0,2 BHK
2016.0,Wadi Al Safa 5,3.0,124819.0,94286,190260,1707972.5,7.0,3 BHK
2016.0,Wadi Al Safa 7,2.0,94440.5,70195,125000,1200000.0,8.0,2 BHK
2016.0,Warsan Fourth,0.0,36000.0,17500,60216,355000.0,10.0,Studio
2016.0,Warsan Fourth,1.0,50000.0,33472,69613,573300.0,9.0,1 BHK
2016.0,Warsan Fourth,2.0,59000.0,43932,93000,670000.0,9.0,2 BHK
